-- MySQL dump 10.13  Distrib 8.0.36, for Linux (x86_64)
--
-- Host: localhost    Database: moneygoup
-- ------------------------------------------------------
-- Server version	8.0.44-0ubuntu0.24.04.2

/*!40101 SET @OLD_CHARACTER_SET_CLIENT=@@CHARACTER_SET_CLIENT */;
/*!40101 SET @OLD_CHARACTER_SET_RESULTS=@@CHARACTER_SET_RESULTS */;
/*!40101 SET @OLD_COLLATION_CONNECTION=@@COLLATION_CONNECTION */;
/*!50503 SET NAMES utf8 */;
/*!40103 SET @OLD_TIME_ZONE=@@TIME_ZONE */;
/*!40103 SET TIME_ZONE='+00:00' */;
/*!40014 SET @OLD_UNIQUE_CHECKS=@@UNIQUE_CHECKS, UNIQUE_CHECKS=0 */;
/*!40014 SET @OLD_FOREIGN_KEY_CHECKS=@@FOREIGN_KEY_CHECKS, FOREIGN_KEY_CHECKS=0 */;
/*!40101 SET @OLD_SQL_MODE=@@SQL_MODE, SQL_MODE='NO_AUTO_VALUE_ON_ZERO' */;
/*!40111 SET @OLD_SQL_NOTES=@@SQL_NOTES, SQL_NOTES=0 */;

--
-- Table structure for table `news`
--

DROP TABLE IF EXISTS `news`;
/*!40101 SET @saved_cs_client     = @@character_set_client */;
/*!50503 SET character_set_client = utf8mb4 */;
CREATE TABLE `news` (
  `id` int NOT NULL AUTO_INCREMENT,
  `title` varchar(512) NOT NULL,
  `link` varchar(1024) NOT NULL,
  `pub_date` datetime DEFAULT NULL,
  `source` varchar(255) DEFAULT NULL,
  `sentiment_score` decimal(5,2) DEFAULT NULL,
  `created_at` timestamp NULL DEFAULT CURRENT_TIMESTAMP,
  PRIMARY KEY (`id`),
  UNIQUE KEY `link` (`link`)
) ENGINE=InnoDB AUTO_INCREMENT=434 DEFAULT CHARSET=utf8mb3;
/*!40101 SET character_set_client = @saved_cs_client */;

--
-- Dumping data for table `news`
--

LOCK TABLES `news` WRITE;
/*!40000 ALTER TABLE `news` DISABLE KEYS */;
INSERT INTO `news` VALUES (170,'Walmart Inc. (S: WMT) reports strong earnings, stock soars!','http://example.com/news/WMT/0','2026-01-24 20:03:45','MockNewsProvider',0.54,'2026-01-25 02:03:45'),(171,'Analysts downgrade Walmart Inc. (S: WMT) amid market uncertainty.','http://example.com/news/WMT/1','2026-01-23 20:03:45','MockNewsProvider',0.00,'2026-01-25 02:03:45'),(172,'Walmart Inc. (S: WMT) unveils new product line.','http://example.com/news/WMT/2','2026-01-22 20:03:45','MockNewsProvider',0.14,'2026-01-25 02:03:45'),(173,'Major partnership announced for Walmart Inc. (S: WMT).','http://example.com/news/WMT/3','2026-01-21 20:03:45','MockNewsProvider',0.06,'2026-01-25 02:03:45'),(174,'Walmart Inc. (S: WMT) faces regulatory challenges.','http://example.com/news/WMT/4','2026-01-20 20:03:45','MockNewsProvider',0.00,'2026-01-25 02:03:45'),(175,'Stock split for Walmart Inc. (S: WMT) expected next quarter.','http://example.com/news/WMT/5','2026-01-19 20:03:45','MockNewsProvider',-0.05,'2026-01-25 02:03:45'),(176,'CIENA CORP (S: CIEN) reports strong earnings, stock soars!','http://example.com/news/CIEN/0','2026-01-24 20:03:45','MockNewsProvider',0.54,'2026-01-25 02:03:45'),(177,'Analysts downgrade CIENA CORP (S: CIEN) amid market uncertainty.','http://example.com/news/CIEN/1','2026-01-23 20:03:45','MockNewsProvider',0.00,'2026-01-25 02:03:45'),(178,'CIENA CORP (S: CIEN) unveils new product line.','http://example.com/news/CIEN/2','2026-01-22 20:03:45','MockNewsProvider',0.14,'2026-01-25 02:03:45'),(179,'Major partnership announced for CIENA CORP (S: CIEN).','http://example.com/news/CIEN/3','2026-01-21 20:03:45','MockNewsProvider',0.06,'2026-01-25 02:03:45'),(180,'CIENA CORP (S: CIEN) faces regulatory challenges.','http://example.com/news/CIEN/4','2026-01-20 20:03:45','MockNewsProvider',0.00,'2026-01-25 02:03:45'),(181,'Stock split for CIENA CORP (S: CIEN) expected next quarter.','http://example.com/news/CIEN/5','2026-01-19 20:03:45','MockNewsProvider',-0.05,'2026-01-25 02:03:45'),(182,'Vale S.A. (S: VALE) reports strong earnings, stock soars!','http://example.com/news/VALE/0','2026-01-24 20:03:45','MockNewsProvider',0.54,'2026-01-25 02:03:45'),(183,'Analysts downgrade Vale S.A. (S: VALE) amid market uncertainty.','http://example.com/news/VALE/1','2026-01-23 20:03:45','MockNewsProvider',0.00,'2026-01-25 02:03:45'),(184,'Vale S.A. (S: VALE) unveils new product line.','http://example.com/news/VALE/2','2026-01-22 20:03:45','MockNewsProvider',0.14,'2026-01-25 02:03:45'),(185,'Major partnership announced for Vale S.A. (S: VALE).','http://example.com/news/VALE/3','2026-01-21 20:03:45','MockNewsProvider',0.06,'2026-01-25 02:03:45'),(186,'Vale S.A. (S: VALE) faces regulatory challenges.','http://example.com/news/VALE/4','2026-01-20 20:03:45','MockNewsProvider',0.00,'2026-01-25 02:03:45'),(187,'Stock split for Vale S.A. (S: VALE) expected next quarter.','http://example.com/news/VALE/5','2026-01-19 20:03:45','MockNewsProvider',-0.05,'2026-01-25 02:03:45'),(188,'AST SpaceMobile, Inc. (S: ASTS) reports strong earnings, stock soars!','http://example.com/news/ASTS/0','2026-01-24 20:03:45','MockNewsProvider',0.54,'2026-01-25 02:03:45'),(189,'Analysts downgrade AST SpaceMobile, Inc. (S: ASTS) amid market uncertainty.','http://example.com/news/ASTS/1','2026-01-23 20:03:45','MockNewsProvider',0.00,'2026-01-25 02:03:45'),(190,'AST SpaceMobile, Inc. (S: ASTS) unveils new product line.','http://example.com/news/ASTS/2','2026-01-22 20:03:45','MockNewsProvider',0.14,'2026-01-25 02:03:45'),(191,'Major partnership announced for AST SpaceMobile, Inc. (S: ASTS).','http://example.com/news/ASTS/3','2026-01-21 20:03:45','MockNewsProvider',0.06,'2026-01-25 02:03:45'),(192,'AST SpaceMobile, Inc. (S: ASTS) faces regulatory challenges.','http://example.com/news/ASTS/4','2026-01-20 20:03:45','MockNewsProvider',0.00,'2026-01-25 02:03:45'),(193,'Stock split for AST SpaceMobile, Inc. (S: ASTS) expected next quarter.','http://example.com/news/ASTS/5','2026-01-19 20:03:45','MockNewsProvider',-0.05,'2026-01-25 02:03:45'),(218,'iShares Silver Trust (S: SLV) reports strong earnings, stock soars!','http://example.com/news/SLV/0','2026-01-24 20:03:45','MockNewsProvider',0.54,'2026-01-25 02:03:45'),(219,'Analysts downgrade iShares Silver Trust (S: SLV) amid market uncertainty.','http://example.com/news/SLV/1','2026-01-23 20:03:45','MockNewsProvider',0.00,'2026-01-25 02:03:45'),(220,'iShares Silver Trust (S: SLV) unveils new product line.','http://example.com/news/SLV/2','2026-01-22 20:03:45','MockNewsProvider',0.14,'2026-01-25 02:03:45'),(221,'Major partnership announced for iShares Silver Trust (S: SLV).','http://example.com/news/SLV/3','2026-01-21 20:03:45','MockNewsProvider',0.06,'2026-01-25 02:03:45'),(222,'iShares Silver Trust (S: SLV) faces regulatory challenges.','http://example.com/news/SLV/4','2026-01-20 20:03:45','MockNewsProvider',0.00,'2026-01-25 02:03:45'),(223,'Stock split for iShares Silver Trust (S: SLV) expected next quarter.','http://example.com/news/SLV/5','2026-01-19 20:03:45','MockNewsProvider',-0.05,'2026-01-25 02:03:45');
/*!40000 ALTER TABLE `news` ENABLE KEYS */;
UNLOCK TABLES;

--
-- Table structure for table `stocks`
--

DROP TABLE IF EXISTS `stocks`;
/*!40101 SET @saved_cs_client     = @@character_set_client */;
/*!50503 SET character_set_client = utf8mb4 */;
CREATE TABLE `stocks` (
  `id` int NOT NULL AUTO_INCREMENT,
  `symbol` varchar(10) NOT NULL,
  `company_name` varchar(255) NOT NULL,
  `price` decimal(10,2) DEFAULT NULL,
  `pe_ratio` decimal(10,2) DEFAULT NULL,
  `pb_ratio` decimal(10,2) DEFAULT NULL,
  `market_cap` bigint DEFAULT NULL,
  `created_at` timestamp NULL DEFAULT CURRENT_TIMESTAMP,
  PRIMARY KEY (`id`),
  UNIQUE KEY `symbol` (`symbol`)
) ENGINE=InnoDB AUTO_INCREMENT=10 DEFAULT CHARSET=utf8mb3;
/*!40101 SET character_set_client = @saved_cs_client */;

--
-- Dumping data for table `stocks`
--

LOCK TABLES `stocks` WRITE;
/*!40000 ALTER TABLE `stocks` DISABLE KEYS */;
INSERT INTO `stocks` VALUES (4,'WMT','Walmart Inc.',117.73,25.00,5.00,400000000000,'2026-01-17 21:16:09'),(5,'CIEN','CIENA CORP',229.14,30.00,6.00,50000000000,'2026-01-17 21:16:19'),(6,'VALE','Vale S.A.',16.18,10.00,1.50,80000000000,'2026-01-17 21:16:28'),(7,'ASTS','AST SpaceMobile, Inc.',113.57,15.00,2.50,1500000000,'2026-01-18 02:50:27'),(8,'SLV','iShares Silver Trust',92.91,NULL,NULL,NULL,'2026-01-24 21:09:18');
/*!40000 ALTER TABLE `stocks` ENABLE KEYS */;
UNLOCK TABLES;

--
-- Table structure for table `stocksdailyprice`
--

DROP TABLE IF EXISTS `stocksdailyprice`;
/*!40101 SET @saved_cs_client     = @@character_set_client */;
/*!50503 SET character_set_client = utf8mb4 */;
CREATE TABLE `stocksdailyprice` (
  `id` int NOT NULL AUTO_INCREMENT,
  `stock_id` int NOT NULL,
  `date` date NOT NULL,
  `open` decimal(10,2) NOT NULL,
  `high` decimal(10,2) NOT NULL,
  `low` decimal(10,2) NOT NULL,
  `close` decimal(10,2) NOT NULL,
  `volume` int NOT NULL,
  `adj_open` decimal(10,2) DEFAULT NULL,
  `adj_high` decimal(10,2) DEFAULT NULL,
  `adj_low` decimal(10,2) DEFAULT NULL,
  `adj_close` decimal(10,2) DEFAULT NULL,
  `adj_volume` int DEFAULT NULL,
  `daily_change` decimal(10,2) DEFAULT NULL,
  PRIMARY KEY (`id`),
  UNIQUE KEY `stock_id` (`stock_id`,`date`),
  CONSTRAINT `stocksdailyprice_ibfk_1` FOREIGN KEY (`stock_id`) REFERENCES `stocks` (`id`) ON DELETE CASCADE ON UPDATE CASCADE
) ENGINE=InnoDB AUTO_INCREMENT=12780 DEFAULT CHARSET=utf8mb3;
/*!40101 SET character_set_client = @saved_cs_client */;

--
-- Dumping data for table `stocksdailyprice`
--

LOCK TABLES `stocksdailyprice` WRITE;
/*!40000 ALTER TABLE `stocksdailyprice` DISABLE KEYS */;
INSERT INTO `stocksdailyprice` VALUES (4271,4,'2025-01-24',93.54,95.01,93.46,94.76,14973800,93.86,93.86,93.86,93.86,14973800,0.00),(4272,4,'2025-01-27',95.90,97.46,94.82,97.40,18880600,96.48,96.48,96.48,96.48,18880600,0.00),(4273,4,'2025-01-28',97.23,97.84,96.73,97.29,14641600,96.37,96.37,96.37,96.37,14641600,-0.11),(4274,4,'2025-01-29',97.43,98.17,97.22,97.50,11261400,96.58,96.58,96.58,96.58,11261400,0.21),(4275,4,'2025-01-30',97.69,98.93,97.42,98.65,11012200,97.71,97.71,97.71,97.71,11012200,1.15),(4276,4,'2025-01-31',99.00,99.00,97.70,98.16,16391200,97.23,97.23,97.23,97.23,16391200,-0.49),(4277,4,'2025-02-03',96.77,99.79,96.47,99.54,20484200,98.60,98.60,98.60,98.60,20484200,1.38),(4278,4,'2025-02-04',99.97,100.95,99.69,100.77,15201200,99.81,99.81,99.81,99.81,15201200,1.23),(4279,4,'2025-02-05',100.65,102.58,100.54,102.46,15926700,101.49,101.49,101.49,101.49,15926700,1.69),(4280,4,'2025-02-06',102.53,103.02,101.94,102.85,13088500,101.87,101.87,101.87,101.87,13088500,0.39),(4281,4,'2025-02-07',103.00,103.11,101.11,101.15,12451100,100.19,100.19,100.19,100.19,12451100,-1.70),(4282,4,'2025-02-10',101.95,102.93,101.25,102.92,15274600,101.94,101.94,101.94,101.94,15274600,1.77),(4283,4,'2025-02-11',102.62,102.85,101.85,102.47,11953600,101.50,101.50,101.50,101.50,11953600,-0.45),(4284,4,'2025-02-12',102.12,103.90,102.04,103.61,15162100,102.63,102.63,102.63,102.63,15162100,1.14),(4285,4,'2025-02-13',104.00,105.24,103.53,105.05,12604400,104.05,104.05,104.05,104.05,12604400,1.44),(4286,4,'2025-02-14',105.30,105.30,103.60,104.04,14109500,103.05,103.05,103.05,103.05,14109500,-1.01),(4287,4,'2025-02-18',103.72,103.99,102.51,103.78,18247300,102.80,102.80,102.80,102.80,18247300,-0.26),(4288,4,'2025-02-19',103.85,104.20,102.55,104.00,18508000,103.01,103.01,103.01,103.01,18508000,0.22),(4289,4,'2025-02-20',98.78,100.12,96.68,97.21,55450900,96.29,96.29,96.29,96.29,55450900,-6.79),(4290,4,'2025-02-21',96.53,96.85,94.12,94.78,35014800,93.88,93.88,93.88,93.88,35014800,-2.43),(4291,4,'2025-02-24',94.18,94.64,92.12,93.67,29755900,92.78,92.78,92.78,92.78,29755900,-1.11),(4292,4,'2025-02-25',94.35,97.91,94.24,97.69,29331200,96.76,96.76,96.76,96.76,29331200,4.02),(4293,4,'2025-02-26',97.70,98.73,96.07,96.20,19069700,95.29,95.29,95.29,95.29,19069700,-1.49),(4294,4,'2025-02-27',95.90,98.04,95.81,96.79,16431500,95.87,95.87,95.87,95.87,16431500,0.59),(4295,4,'2025-02-28',97.79,98.86,97.17,98.61,25451300,97.68,97.68,97.68,97.68,25451300,1.82),(4296,4,'2025-03-03',97.98,99.49,96.83,97.59,18372200,96.66,96.66,96.66,96.66,18372200,-1.02),(4297,4,'2025-03-04',95.76,97.05,94.46,94.97,25227700,94.07,94.07,94.07,94.07,25227700,-2.62),(4298,4,'2025-03-05',94.97,96.39,94.75,95.98,17639000,95.07,95.07,95.07,95.07,17639000,1.01),(4299,4,'2025-03-06',94.80,96.19,94.18,94.64,19957800,93.74,93.74,93.74,93.74,19957800,-1.34),(4300,4,'2025-03-07',93.94,93.95,90.76,91.72,35913200,90.85,90.85,90.85,90.85,35913200,-2.92),(4301,4,'2025-03-10',89.76,90.23,86.61,87.82,35148800,86.99,86.99,86.99,86.99,35148800,-3.90),(4302,4,'2025-03-11',87.29,89.35,87.14,87.44,28687600,86.61,86.61,86.61,86.61,28687600,-0.38),(4303,4,'2025-03-12',87.88,89.10,84.88,85.20,33301600,84.39,84.39,84.39,84.39,33301600,-2.24),(4304,4,'2025-03-13',84.94,85.45,83.87,84.50,31507800,83.70,83.70,83.70,83.70,31507800,-0.70),(4305,4,'2025-03-14',84.96,85.37,84.06,85.35,35500600,84.54,84.54,84.54,84.54,35500600,0.85),(4306,4,'2025-03-17',85.13,87.99,84.98,87.46,26297800,86.63,86.63,86.63,86.63,26297800,2.11),(4307,4,'2025-03-18',87.44,87.68,85.50,85.59,17850900,84.78,84.78,84.78,84.78,17850900,-1.87),(4308,4,'2025-03-19',85.95,86.79,85.62,86.33,24555900,85.51,85.51,85.51,85.51,24555900,0.74),(4309,4,'2025-03-20',85.81,87.08,85.52,85.81,18185500,85.00,85.00,85.00,85.00,18185500,-0.52),(4310,4,'2025-03-21',85.28,86.23,84.78,85.98,26797200,85.40,85.40,85.40,85.40,26797200,0.17),(4311,4,'2025-03-24',86.47,87.65,86.35,87.49,17900700,86.90,86.90,86.90,86.90,17900700,1.51),(4312,4,'2025-03-25',86.76,87.31,84.62,84.76,27908600,84.19,84.19,84.19,84.19,27908600,-2.73),(4313,4,'2025-03-26',85.19,85.56,84.57,85.21,27228800,84.63,84.63,84.63,84.63,27228800,0.45),(4314,4,'2025-03-27',84.78,86.11,84.78,85.63,16782800,85.05,85.05,85.05,85.05,16782800,0.42),(4315,4,'2025-03-28',85.43,85.83,84.70,85.15,14790600,84.57,84.57,84.57,84.57,14790600,-0.48),(4316,4,'2025-03-31',84.76,88.20,84.37,87.79,30269300,87.20,87.20,87.20,87.20,30269300,2.64),(4317,4,'2025-04-01',87.54,89.11,87.37,88.83,22080300,88.23,88.23,88.23,88.23,22080300,1.04),(4318,4,'2025-04-02',88.20,90.15,88.12,89.76,19384100,89.15,89.15,89.15,89.15,19384100,0.93),(4319,4,'2025-04-03',86.28,89.88,86.28,87.26,33012900,86.67,86.67,86.67,86.67,33012900,-2.50),(4320,4,'2025-04-04',85.64,87.39,82.65,83.19,36209000,82.63,82.63,82.63,82.63,36209000,-4.07),(4321,4,'2025-04-07',80.24,86.26,79.81,83.83,36884900,83.26,83.26,83.26,83.26,36884900,0.64),(4322,4,'2025-04-08',85.85,86.97,81.03,81.79,34351700,81.24,81.24,81.24,81.24,34351700,-2.04),(4323,4,'2025-04-09',83.33,90.80,83.02,89.60,46632800,88.99,88.99,88.99,88.99,46632800,7.81),(4324,4,'2025-04-10',88.73,91.87,88.16,90.61,34735300,90.00,90.00,90.00,90.00,34735300,1.01),(4325,4,'2025-04-11',90.68,93.35,90.01,92.80,25508100,92.17,92.17,92.17,92.17,25508100,2.19),(4326,4,'2025-04-14',93.27,95.44,92.90,94.73,27742900,94.09,94.09,94.09,94.09,27742900,1.93),(4327,4,'2025-04-15',94.82,96.03,93.87,93.97,21871200,93.33,93.33,93.33,93.33,21871200,-0.76),(4328,4,'2025-04-16',94.00,94.30,90.61,91.19,22229100,90.57,90.57,90.57,90.57,22229100,-2.78),(4329,4,'2025-04-17',91.83,93.87,91.62,93.22,21393900,92.59,92.59,92.59,92.59,21393900,2.03),(4330,4,'2025-04-21',93.02,94.08,91.34,92.41,18361200,91.79,91.79,91.79,91.79,18361200,-0.81),(4331,4,'2025-04-22',92.88,95.29,92.88,94.85,15407800,94.21,94.21,94.21,94.21,15407800,2.44),(4332,4,'2025-04-23',95.02,96.60,94.16,94.96,18046900,94.32,94.32,94.32,94.32,18046900,0.11),(4333,4,'2025-04-24',94.71,96.22,93.66,95.84,13444500,95.19,95.19,95.19,95.19,13444500,0.88),(4334,4,'2025-04-25',95.80,96.47,94.36,95.09,15317200,94.45,94.45,94.45,94.45,15317200,-0.75),(4335,4,'2025-04-28',95.10,96.00,94.34,95.22,12950000,94.58,94.58,94.58,94.58,12950000,0.13),(4336,4,'2025-04-29',94.84,96.18,94.42,96.04,12679000,95.39,95.39,95.39,95.39,12679000,0.82),(4337,4,'2025-04-30',95.94,97.78,94.93,97.25,21639900,96.59,96.59,96.59,96.59,21639900,1.21),(4338,4,'2025-05-01',97.02,97.90,96.59,97.41,13171800,96.75,96.75,96.75,96.75,13171800,0.16),(4339,4,'2025-05-02',97.95,99.22,97.85,98.75,16031400,98.08,98.08,98.08,98.08,16031400,1.34),(4340,4,'2025-05-05',98.94,99.74,98.53,99.33,12439100,98.66,98.66,98.66,98.66,12439100,0.58),(4341,4,'2025-05-06',98.74,99.47,98.41,98.55,10626000,97.88,97.88,97.88,97.88,10626000,-0.78),(4342,4,'2025-05-07',98.55,99.23,98.31,98.83,11301300,98.16,98.16,98.16,98.16,11301300,0.28),(4343,4,'2025-05-08',98.75,99.33,97.36,97.43,14461100,96.77,96.77,96.77,96.77,14461100,-1.40),(4344,4,'2025-05-09',96.75,97.20,96.29,96.72,13697800,96.30,96.30,96.30,96.30,13697800,-0.71),(4345,4,'2025-05-12',97.67,97.97,95.62,96.75,26783900,96.33,96.33,96.33,96.33,26783900,0.03),(4346,4,'2025-05-13',96.50,97.32,95.23,95.88,19746700,95.46,95.46,95.46,95.46,19746700,-0.87),(4347,4,'2025-05-14',96.03,97.33,95.83,96.83,25620100,96.41,96.41,96.41,96.41,25620100,0.95),(4348,4,'2025-05-15',94.30,96.72,91.89,96.35,44026100,95.93,95.93,95.93,95.93,44026100,-0.48),(4349,4,'2025-05-16',96.14,99.19,96.00,98.24,33746200,97.81,97.81,97.81,97.81,33746200,1.89),(4350,4,'2025-05-19',96.65,98.28,95.81,98.12,20041600,97.69,97.69,97.69,97.69,20041600,-0.12),(4351,4,'2025-05-20',98.56,98.82,96.52,97.80,15609600,97.37,97.37,97.37,97.37,15609600,-0.32),(4352,4,'2025-05-21',97.13,97.76,95.98,96.43,15742300,96.01,96.01,96.01,96.01,15742300,-1.37),(4353,4,'2025-05-22',96.54,96.96,95.82,95.93,13712200,95.51,95.51,95.51,95.51,13712200,-0.50),(4354,4,'2025-05-23',95.34,96.54,95.00,96.34,13668600,95.92,95.92,95.92,95.92,13668600,0.41),(4355,4,'2025-05-27',97.30,97.80,96.58,97.58,17180900,97.15,97.15,97.15,97.15,17180900,1.24),(4356,4,'2025-05-28',97.52,98.24,97.06,97.24,11220100,96.82,96.82,96.82,96.82,11220100,-0.34),(4357,4,'2025-05-29',97.63,97.77,96.85,97.10,14338000,96.68,96.68,96.68,96.68,14338000,-0.14),(4358,4,'2025-05-30',96.96,98.93,96.60,98.72,29980100,98.29,98.29,98.29,98.29,29980100,1.62),(4359,4,'2025-06-02',98.84,99.91,98.05,99.77,16999200,99.34,99.34,99.34,99.34,16999200,1.05),(4360,4,'2025-06-03',99.57,100.89,98.57,99.98,15598600,99.54,99.54,99.54,99.54,15598600,0.21),(4361,4,'2025-06-04',99.79,100.13,99.32,99.35,11115600,98.92,98.92,98.92,98.92,11115600,-0.63),(4362,4,'2025-06-05',99.30,99.59,97.61,97.96,15817100,97.53,97.53,97.53,97.53,15817100,-1.39),(4363,4,'2025-06-06',98.37,98.56,96.97,97.47,15599300,97.05,97.05,97.05,97.05,15599300,-0.49),(4364,4,'2025-06-09',97.40,97.85,96.77,97.45,13655700,97.03,97.03,97.03,97.03,13655700,-0.02),(4365,4,'2025-06-10',97.29,98.09,96.48,97.32,17162500,96.90,96.90,96.90,96.90,17162500,-0.13),(4366,4,'2025-06-11',97.29,97.29,95.35,95.80,16389600,95.38,95.38,95.38,95.38,16389600,-1.52),(4367,4,'2025-06-12',94.89,95.26,93.43,94.83,17845700,94.42,94.42,94.42,94.42,17845700,-0.97),(4368,4,'2025-06-13',94.52,95.32,94.01,94.44,18694700,94.03,94.03,94.03,94.03,18694700,-0.39),(4369,4,'2025-06-16',94.75,95.78,94.10,94.29,14881700,93.88,93.88,93.88,93.88,14881700,-0.15),(4370,4,'2025-06-17',93.95,94.82,93.62,94.25,14935600,93.84,93.84,93.84,93.84,14935600,-0.04),(4371,4,'2025-06-18',94.57,95.49,94.09,95.09,11333700,94.68,94.68,94.68,94.68,11333700,0.84),(4372,4,'2025-06-20',95.24,96.31,95.20,96.12,20604900,95.70,95.70,95.70,95.70,20604900,1.03),(4373,4,'2025-06-23',95.92,97.93,95.67,97.87,20432400,97.44,97.44,97.44,97.44,20432400,1.75),(4374,4,'2025-06-24',97.73,99.11,97.25,98.00,22403700,97.57,97.57,97.57,97.57,22403700,0.13),(4375,4,'2025-06-25',98.31,98.56,97.15,97.26,11154700,96.84,96.84,96.84,96.84,11154700,-0.74),(4376,4,'2025-06-26',96.90,97.34,95.92,96.02,19361400,95.60,95.60,95.60,95.60,19361400,-1.24),(4377,4,'2025-06-27',96.32,97.76,96.16,97.27,31431900,96.85,96.85,96.85,96.85,31431900,1.25),(4378,4,'2025-06-30',97.23,98.14,96.31,97.78,17803000,97.35,97.35,97.35,97.35,17803000,0.51),(4379,4,'2025-07-01',97.60,99.19,97.42,98.24,15635800,97.81,97.81,97.81,97.81,15635800,0.46),(4380,4,'2025-07-02',98.13,98.38,97.06,97.61,12502000,97.18,97.18,97.18,97.18,12502000,-0.63),(4381,4,'2025-07-03',97.70,98.48,97.42,98.36,7686200,97.93,97.93,97.93,97.93,7686200,0.75),(4382,4,'2025-07-07',98.23,99.35,97.62,99.35,12930900,98.92,98.92,98.92,98.92,12930900,0.99),(4383,4,'2025-07-08',98.82,99.17,96.51,97.09,16875000,96.67,96.67,96.67,96.67,16875000,-2.26),(4384,4,'2025-07-09',97.15,97.29,96.38,96.81,13702600,96.39,96.39,96.39,96.39,13702600,-0.28),(4385,4,'2025-07-10',96.66,96.78,94.74,94.86,18894800,94.45,94.45,94.45,94.45,18894800,-1.95),(4386,4,'2025-07-11',95.01,95.53,94.23,94.40,14595000,93.99,93.99,93.99,93.99,14595000,-0.46),(4387,4,'2025-07-14',94.51,95.84,94.38,95.78,13779100,95.36,95.36,95.36,95.36,13779100,1.38),(4388,4,'2025-07-15',95.60,95.78,94.94,95.39,10450800,94.97,94.97,94.97,94.97,10450800,-0.39),(4389,4,'2025-07-16',95.42,95.83,94.61,95.15,11181600,94.74,94.74,94.74,94.74,11181600,-0.24),(4390,4,'2025-07-17',95.08,95.63,94.89,95.09,11165100,94.68,94.68,94.68,94.68,11165100,-0.06),(4391,4,'2025-07-18',95.09,95.48,94.43,95.05,14636300,94.64,94.64,94.64,94.64,14636300,-0.04),(4392,4,'2025-07-21',95.26,96.64,95.10,95.67,13450400,95.25,95.25,95.25,95.25,13450400,0.62),(4393,4,'2025-07-22',95.84,96.67,95.74,95.85,9049100,95.43,95.43,95.43,95.43,9049100,0.18),(4394,4,'2025-07-23',96.01,96.29,95.29,95.68,9729700,95.26,95.26,95.26,95.26,9729700,-0.17),(4395,4,'2025-07-24',95.57,96.96,95.35,96.60,14991500,96.18,96.18,96.18,96.18,14991500,0.92),(4396,4,'2025-07-25',96.84,97.65,96.53,97.47,12868500,97.05,97.05,97.05,97.05,12868500,0.87),(4397,4,'2025-07-28',97.28,98.13,97.08,97.61,12293100,97.18,97.18,97.18,97.18,12293100,0.14),(4398,4,'2025-07-29',97.78,98.72,97.34,98.33,14034300,97.90,97.90,97.90,97.90,14034300,0.72),(4399,4,'2025-07-30',98.61,98.88,97.29,97.59,13864100,97.16,97.16,97.16,97.16,13864100,-0.74),(4400,4,'2025-07-31',97.44,98.63,97.31,97.98,15651300,97.55,97.55,97.55,97.55,15651300,0.39),(4401,4,'2025-08-01',98.00,98.83,97.67,98.49,16750400,98.06,98.06,98.06,98.06,16750400,0.51),(4402,4,'2025-08-04',98.20,99.91,98.20,99.59,19050200,99.16,99.16,99.16,99.16,19050200,1.10),(4403,4,'2025-08-05',99.67,100.47,98.91,99.31,17977000,98.88,98.88,98.88,98.88,17977000,-0.28),(4404,4,'2025-08-06',99.46,103.69,99.46,103.36,23738400,102.91,102.91,102.91,102.91,23738400,4.05),(4405,4,'2025-08-07',103.46,103.90,102.11,103.12,12509500,102.67,102.67,102.67,102.67,12509500,-0.24),(4406,4,'2025-08-08',103.37,104.72,103.15,103.73,12394700,103.28,103.28,103.28,103.28,12394700,0.61),(4407,4,'2025-08-11',103.90,104.33,103.11,103.93,12856700,103.48,103.48,103.48,103.48,12856700,0.20),(4408,4,'2025-08-12',104.25,104.31,103.37,103.62,17915300,103.17,103.17,103.17,103.17,17915300,-0.31),(4409,4,'2025-08-13',102.15,102.81,100.85,100.99,19398500,100.55,100.55,100.55,100.55,19398500,-2.63),(4410,4,'2025-08-14',101.22,101.44,100.72,100.85,10858400,100.41,100.41,100.41,100.41,10858400,-0.14),(4411,4,'2025-08-15',100.63,100.77,99.54,100.00,13604900,99.80,99.80,99.80,99.80,13604900,-0.85),(4412,4,'2025-08-18',100.00,100.88,99.92,100.70,11656100,100.50,100.50,100.50,100.50,11656100,0.70),(4413,4,'2025-08-19',100.96,102.43,100.80,101.29,16999000,101.08,101.08,101.08,101.08,16999000,0.59),(4414,4,'2025-08-20',101.15,102.65,100.93,102.57,18655000,102.36,102.36,102.36,102.36,18655000,1.28),(4415,4,'2025-08-21',99.41,99.45,96.95,97.96,51825100,97.76,97.76,97.76,97.76,51825100,-4.61),(4416,4,'2025-08-22',98.07,99.05,96.76,96.83,32695200,96.63,96.63,96.63,96.63,32695200,-1.13),(4417,4,'2025-08-25',97.00,97.58,96.07,96.07,18956100,95.87,95.87,95.87,95.87,18956100,-0.76),(4418,4,'2025-08-26',96.28,96.47,95.42,96.05,22270400,95.85,95.85,95.85,95.85,22270400,-0.02),(4419,4,'2025-08-27',95.90,96.32,95.60,96.08,12925700,95.88,95.88,95.88,95.88,12925700,0.03),(4420,4,'2025-08-28',96.00,96.57,95.70,96.11,19241600,95.91,95.91,95.91,95.91,19241600,0.03),(4421,4,'2025-08-29',96.10,97.03,95.80,96.98,15600300,96.78,96.78,96.78,96.78,15600300,0.87),(4422,4,'2025-09-02',97.23,97.85,96.51,97.85,15351300,97.65,97.65,97.65,97.65,15351300,0.87),(4423,4,'2025-09-03',97.85,99.44,97.50,99.44,18995900,99.24,99.24,99.24,99.24,18995900,1.59),(4424,4,'2025-09-04',99.91,101.35,99.65,100.93,15640900,100.72,100.72,100.72,100.72,15640900,1.49),(4425,4,'2025-09-05',101.08,101.48,99.55,100.51,13748500,100.31,100.31,100.31,100.31,13748500,-0.42),(4426,4,'2025-09-08',100.85,102.36,100.42,102.28,13685700,102.07,102.07,102.07,102.07,13685700,1.77),(4427,4,'2025-09-09',102.00,102.49,101.55,102.29,11819700,102.08,102.08,102.08,102.08,11819700,0.01),(4428,4,'2025-09-10',101.95,102.45,100.39,100.41,17934900,100.21,100.21,100.21,100.21,17934900,-1.88),(4429,4,'2025-09-11',100.99,102.78,100.28,102.65,15900800,102.44,102.44,102.44,102.44,15900800,2.24),(4430,4,'2025-09-12',102.54,103.98,102.36,103.49,11641900,103.28,103.28,103.28,103.28,11641900,0.84),(4431,4,'2025-09-15',103.65,103.98,103.41,103.69,10756900,103.48,103.48,103.48,103.48,10756900,0.20),(4432,4,'2025-09-16',103.85,104.21,103.13,103.42,14481900,103.21,103.21,103.21,103.21,14481900,-0.27),(4433,4,'2025-09-17',103.73,106.11,103.73,104.27,25382000,104.06,104.06,104.06,104.06,25382000,0.85),(4434,4,'2025-09-18',103.78,104.64,102.12,103.60,14869400,103.39,103.39,103.39,103.39,14869400,-0.67),(4435,4,'2025-09-19',103.81,103.94,102.09,102.33,34791600,102.12,102.12,102.12,102.12,34791600,-1.27),(4436,4,'2025-09-22',102.45,103.20,101.92,102.82,12861900,102.61,102.61,102.61,102.61,12861900,0.49),(4437,4,'2025-09-23',102.41,102.68,101.33,102.52,13158700,102.31,102.31,102.31,102.31,13158700,-0.30),(4438,4,'2025-09-24',103.04,103.47,102.48,102.73,11391800,102.52,102.52,102.52,102.52,11391800,0.21),(4439,4,'2025-09-25',103.22,103.51,102.58,103.05,13366700,102.84,102.84,102.84,102.84,13366700,0.32),(4440,4,'2025-09-26',102.88,103.49,102.47,103.16,11859300,102.95,102.95,102.95,102.95,11859300,0.11),(4441,4,'2025-09-29',103.05,103.31,102.08,103.08,15477200,102.87,102.87,102.87,102.87,15477200,-0.08),(4442,4,'2025-09-30',103.00,103.94,102.72,103.06,13873400,102.85,102.85,102.85,102.85,13873400,-0.02),(4443,4,'2025-10-01',102.56,102.86,100.55,101.96,16142800,101.75,101.75,101.75,101.75,16142800,-1.10),(4444,4,'2025-10-02',101.45,102.14,99.87,101.70,15605400,101.49,101.49,101.49,101.49,15605400,-0.26),(4445,4,'2025-10-03',101.46,102.82,101.20,102.07,11867500,101.86,101.86,101.86,101.86,11867500,0.37),(4446,4,'2025-10-06',101.88,103.07,101.58,102.70,13303600,102.49,102.49,102.49,102.49,13303600,0.63),(4447,4,'2025-10-07',102.38,103.25,100.95,103.24,15538900,103.03,103.03,103.03,103.03,15538900,0.54),(4448,4,'2025-10-08',103.02,103.26,102.15,102.90,13584100,102.69,102.69,102.69,102.69,13584100,-0.34),(4449,4,'2025-10-09',103.13,103.45,100.37,101.77,19508000,101.56,101.56,101.56,101.56,19508000,-1.13),(4450,4,'2025-10-10',102.05,103.63,101.52,101.84,18519400,101.63,101.63,101.63,101.63,18519400,0.07),(4451,4,'2025-10-13',101.37,102.45,101.07,102.12,10871200,101.91,101.91,101.91,101.91,10871200,0.28),(4452,4,'2025-10-14',104.05,107.92,102.89,107.21,30859500,106.99,106.99,106.99,106.99,30859500,5.09),(4453,4,'2025-10-15',107.32,109.56,107.30,109.03,21416300,108.81,108.81,108.81,108.81,21416300,1.82),(4454,4,'2025-10-16',109.20,109.58,105.66,106.47,16366200,106.25,106.25,106.25,106.25,16366200,-2.56),(4455,4,'2025-10-17',107.17,108.20,106.22,107.73,13735600,107.51,107.51,107.51,107.51,13735600,1.26),(4456,4,'2025-10-20',107.85,108.25,106.61,107.05,10581200,106.83,106.83,106.83,106.83,10581200,-0.68),(4457,4,'2025-10-21',107.33,107.48,106.18,106.22,10899700,106.00,106.00,106.00,106.00,10899700,-0.83),(4458,4,'2025-10-22',106.55,107.77,105.66,107.14,12296500,106.92,106.92,106.92,106.92,12296500,0.92),(4459,4,'2025-10-23',107.35,107.57,105.78,106.86,11408200,106.64,106.64,106.64,106.64,11408200,-0.28),(4460,4,'2025-10-24',107.07,107.17,105.51,106.17,10318000,105.95,105.95,105.95,105.95,10318000,-0.69),(4461,4,'2025-10-27',106.34,106.36,104.15,104.47,16375900,104.26,104.26,104.26,104.26,16375900,-1.70),(4462,4,'2025-10-28',104.06,104.14,103.05,103.17,13323000,102.96,102.96,102.96,102.96,13323000,-1.30),(4463,4,'2025-10-29',102.91,103.67,102.11,102.46,11986400,102.25,102.25,102.25,102.25,11986400,-0.71),(4464,4,'2025-10-30',102.20,103.37,101.96,102.23,14065100,102.02,102.02,102.02,102.02,14065100,-0.23),(4465,4,'2025-10-31',101.70,102.10,100.18,101.18,20237000,100.97,100.97,100.97,100.97,20237000,-1.05),(4466,4,'2025-11-03',100.82,101.80,100.40,101.59,14811700,101.38,101.38,101.38,101.38,14811700,0.41),(4467,4,'2025-11-04',102.13,102.62,101.46,102.27,12636400,102.06,102.06,102.06,102.06,12636400,0.68),(4468,4,'2025-11-05',101.74,102.68,100.85,101.47,13356800,101.26,101.26,101.26,101.26,13356800,-0.80),(4469,4,'2025-11-06',101.34,101.93,100.03,101.68,14866000,101.47,101.47,101.47,101.47,14866000,0.21),(4470,4,'2025-11-07',102.13,102.97,101.73,102.59,17248700,102.38,102.38,102.38,102.38,17248700,0.91),(4471,4,'2025-11-10',102.15,102.67,101.60,102.42,14507600,102.21,102.21,102.21,102.21,14507600,-0.17),(4472,4,'2025-11-11',102.50,103.74,102.32,103.44,13182100,103.23,103.23,103.23,103.23,13182100,1.02),(4473,4,'2025-11-12',103.35,103.60,102.66,103.44,12084400,103.23,103.23,103.23,103.23,12084400,0.00),(4474,4,'2025-11-13',103.59,103.93,102.02,102.54,18088500,102.33,102.33,102.33,102.33,18088500,-0.90),(4475,4,'2025-11-14',100.20,102.49,98.88,102.48,23424200,102.27,102.27,102.27,102.27,23424200,-0.06),(4476,4,'2025-11-17',102.58,103.32,102.10,102.95,15289400,102.74,102.74,102.74,102.74,15289400,0.47),(4477,4,'2025-11-18',102.98,103.34,101.38,101.39,17604500,101.18,101.18,101.18,101.18,17604500,-1.56),(4478,4,'2025-11-19',101.58,101.71,99.68,100.61,22157000,100.41,100.41,100.41,100.41,22157000,-0.78),(4479,4,'2025-11-20',103.94,107.91,102.68,107.11,50375900,106.89,106.89,106.89,106.89,50375900,6.50),(4480,4,'2025-11-21',107.98,108.15,104.72,105.32,41420800,105.11,105.11,105.11,105.11,41420800,-1.79),(4481,4,'2025-11-24',105.36,106.27,103.76,104.06,42519200,103.85,103.85,103.85,103.85,42519200,-1.26),(4482,4,'2025-11-25',104.61,107.42,104.23,107.00,20212900,106.78,106.78,106.78,106.78,20212900,2.94),(4483,4,'2025-11-26',107.20,109.59,107.17,109.10,17783300,108.88,108.88,108.88,108.88,17783300,2.10),(4484,4,'2025-11-28',109.30,110.70,109.00,110.51,9846500,110.29,110.29,110.29,110.29,9846500,1.41),(4485,4,'2025-12-01',110.51,111.76,110.36,111.53,17236800,111.30,111.30,111.30,111.30,17236800,1.02),(4486,4,'2025-12-02',111.47,112.65,110.79,112.41,18711800,112.18,112.18,112.18,112.18,18711800,0.88),(4487,4,'2025-12-03',112.50,114.89,112.22,114.41,24478300,114.18,114.18,114.18,114.18,24478300,2.00),(4488,4,'2025-12-04',113.62,114.89,113.16,114.84,25905100,114.61,114.61,114.61,114.61,25905100,0.43),(4489,4,'2025-12-05',114.73,116.27,114.68,115.11,23956400,114.88,114.88,114.88,114.88,23956400,0.27),(4490,4,'2025-12-08',114.57,114.99,112.30,113.56,22700700,113.33,113.33,113.33,113.33,22700700,-1.55),(4491,4,'2025-12-09',113.95,115.72,113.02,115.06,24326700,114.83,114.83,114.83,114.83,24326700,1.50),(4492,4,'2025-12-10',115.35,116.23,112.99,113.18,22859600,112.95,112.95,112.95,112.95,22859600,-1.88),(4493,4,'2025-12-11',113.14,115.87,112.85,115.52,21586600,115.28,115.28,115.28,115.28,21586600,2.34),(4494,4,'2025-12-12',115.26,116.95,115.02,116.70,19092400,116.70,116.70,116.70,116.70,19092400,1.18),(4495,4,'2025-12-15',116.93,117.45,115.64,116.79,18713700,116.79,116.79,116.79,116.79,18713700,0.09),(4496,4,'2025-12-16',116.58,116.88,114.95,115.42,19642300,115.42,115.42,115.42,115.42,19642300,-1.37),(4497,4,'2025-12-17',115.20,116.39,115.07,115.66,16177800,115.66,115.66,115.66,115.66,16177800,0.24),(4498,4,'2025-12-18',115.01,116.48,114.61,114.83,21476700,114.83,114.83,114.83,114.83,21476700,-0.83),(4499,4,'2025-12-19',115.14,115.28,113.53,114.36,50043800,114.36,114.36,114.36,114.36,50043800,-0.47),(4500,4,'2025-12-22',114.01,114.32,112.22,112.60,21473900,112.60,112.60,112.60,112.60,21473900,-1.76),(4501,4,'2025-12-23',111.99,112.35,110.70,110.90,20319900,110.90,110.90,110.90,110.90,20319900,-1.70),(4502,4,'2025-12-24',110.90,111.71,110.55,111.61,9009600,111.61,111.61,111.61,111.61,9009600,0.71),(4503,4,'2025-12-26',111.72,111.97,111.36,111.74,9003800,111.74,111.74,111.74,111.74,9003800,0.13),(4504,4,'2025-12-29',111.59,112.78,111.57,112.53,12979600,112.53,112.53,112.53,112.53,12979600,0.79),(4505,4,'2025-12-30',111.89,112.69,111.84,111.92,11730600,111.92,111.92,111.92,111.92,11730600,-0.61),(4506,4,'2025-12-31',111.73,112.25,111.32,111.41,11487400,111.41,111.41,111.41,111.41,11487400,-0.51),(4507,4,'2026-01-02',111.43,112.79,111.12,112.76,14306600,112.76,112.76,112.76,112.76,14306600,1.35),(4508,4,'2026-01-05',112.82,113.73,112.15,112.71,19557600,112.71,112.71,112.71,112.71,19557600,-0.05),(4509,4,'2026-01-06',112.40,114.79,111.99,114.34,20120800,114.34,114.34,114.34,114.34,20120800,1.63),(4510,4,'2026-01-07',114.19,114.73,112.10,112.72,23306000,112.72,112.72,112.72,112.72,23306000,-1.62),(4511,4,'2026-01-08',111.29,113.47,109.81,113.07,24058300,113.07,113.07,113.07,113.07,24058300,0.35),(4512,4,'2026-01-09',112.26,115.46,112.26,114.53,21902900,114.53,114.53,114.53,114.53,21902900,1.46),(4513,4,'2026-01-12',117.50,118.84,116.41,117.97,49182100,117.97,117.97,117.97,117.97,49182100,3.44),(4514,4,'2026-01-13',117.89,120.51,117.73,120.36,31222100,120.36,120.36,120.36,120.36,31222100,2.39),(4515,4,'2026-01-14',120.19,121.24,119.03,120.04,32764000,120.04,120.04,120.04,120.04,32764000,-0.32),(4516,4,'2026-01-15',119.98,120.87,118.73,119.20,34559400,119.20,119.20,119.20,119.20,34559400,-0.84),(4517,4,'2026-01-16',118.67,120.60,116.90,119.70,415144600,119.70,119.70,119.70,119.70,415144600,0.50),(4518,4,'2026-01-20',120.89,121.62,117.61,118.71,45334000,118.71,118.71,118.71,118.71,45334000,-0.99),(4519,4,'2026-01-21',118.08,120.49,117.55,119.36,34811700,119.36,119.36,119.36,119.36,34811700,0.65),(4520,4,'2026-01-22',119.29,119.52,117.65,117.83,24547300,117.83,117.83,117.83,117.83,24547300,-1.53),(4521,4,'2026-01-23',118.17,118.61,117.14,117.73,20794100,117.73,117.73,117.73,117.73,20794100,-0.10),(4522,5,'2025-01-24',99.23,101.44,96.26,96.62,3037900,96.62,96.62,96.62,96.62,3037900,0.00),(4523,5,'2025-01-27',84.60,86.00,74.89,76.29,8227800,76.29,76.29,76.29,76.29,8227800,0.00),(4524,5,'2025-01-28',79.02,81.19,77.20,80.05,4677300,80.05,80.05,80.05,80.05,4677300,3.76),(4525,5,'2025-01-29',80.94,82.40,80.27,81.36,2279300,81.36,81.36,81.36,81.36,2279300,1.31),(4526,5,'2025-01-30',83.97,86.54,83.24,84.65,2449000,84.65,84.65,84.65,84.65,2449000,3.29),(4527,5,'2025-01-31',85.23,87.56,84.77,87.14,2354600,87.14,87.14,87.14,87.14,2354600,2.49),(4528,5,'2025-02-03',83.41,85.98,81.65,85.12,2149800,85.12,85.12,85.12,85.12,2149800,-2.02),(4529,5,'2025-02-04',85.40,87.91,85.22,87.50,2299900,87.50,87.50,87.50,87.50,2299900,2.38),(4530,5,'2025-02-05',88.58,92.39,88.01,92.08,2614600,92.08,92.08,92.08,92.08,2614600,4.58),(4531,5,'2025-02-06',93.31,94.79,91.59,93.12,2937200,93.12,93.12,93.12,93.12,2937200,1.04),(4532,5,'2025-02-07',93.23,94.20,89.41,89.71,1765200,89.71,89.71,89.71,89.71,1765200,-3.41),(4533,5,'2025-02-10',90.13,91.49,89.18,90.11,1357700,90.11,90.11,90.11,90.11,1357700,0.40),(4534,5,'2025-02-11',89.00,89.54,87.15,87.49,1386400,87.49,87.49,87.49,87.49,1386400,-2.62),(4535,5,'2025-02-12',84.00,88.81,83.65,88.80,1844500,88.80,88.80,88.80,88.80,1844500,1.31),(4536,5,'2025-02-13',90.00,90.32,88.09,88.85,1535400,88.85,88.85,88.85,88.85,1535400,0.05),(4537,5,'2025-02-14',88.48,90.01,88.01,89.80,1518100,89.80,89.80,89.80,89.80,1518100,0.95),(4538,5,'2025-02-18',90.16,92.43,88.40,89.65,2023200,89.65,89.65,89.65,89.65,2023200,-0.15),(4539,5,'2025-02-19',88.45,89.15,86.37,87.05,1993700,87.05,87.05,87.05,87.05,1993700,-2.60),(4540,5,'2025-02-20',86.81,87.55,85.18,86.45,2628000,86.45,86.45,86.45,86.45,2628000,-0.60),(4541,5,'2025-02-21',86.70,87.99,83.59,84.08,1884900,84.08,84.08,84.08,84.08,1884900,-2.37),(4542,5,'2025-02-24',83.90,84.08,79.94,80.43,3203300,80.43,80.43,80.43,80.43,3203300,-3.65),(4543,5,'2025-02-25',79.83,81.83,75.88,78.29,2436800,78.29,78.29,78.29,78.29,2436800,-2.14),(4544,5,'2025-02-26',80.88,82.10,79.62,80.77,2192900,80.77,80.77,80.77,80.77,2192900,2.48),(4545,5,'2025-02-27',82.21,82.25,77.79,78.03,1698300,78.03,78.03,78.03,78.03,1698300,-2.74),(4546,5,'2025-02-28',77.27,79.66,75.61,79.57,3393200,79.57,79.57,79.57,79.57,3393200,1.54),(4547,5,'2025-03-03',79.50,80.55,73.42,74.69,3579100,74.69,74.69,74.69,74.69,3579100,-4.88),(4548,5,'2025-03-04',72.90,75.74,70.47,74.31,3295900,74.31,74.31,74.31,74.31,3295900,-0.38),(4549,5,'2025-03-05',73.85,75.32,72.76,75.25,1816700,75.25,75.25,75.25,75.25,1816700,0.94),(4550,5,'2025-03-06',72.24,72.97,68.00,68.43,3100900,68.43,68.43,68.43,68.43,3100900,-6.82),(4551,5,'2025-03-07',68.63,69.07,64.65,68.93,3327400,68.93,68.93,68.93,68.93,3327400,0.50),(4552,5,'2025-03-10',65.83,66.92,64.01,65.53,4183500,65.53,65.53,65.53,65.53,4183500,-3.40),(4553,5,'2025-03-11',61.78,66.48,59.31,63.95,8388200,63.95,63.95,63.95,63.95,8388200,-1.58),(4554,5,'2025-03-12',66.21,67.17,64.26,66.40,3288400,66.40,66.40,66.40,66.40,3288400,2.45),(4555,5,'2025-03-13',65.75,66.11,60.77,62.31,2964300,62.31,62.31,62.31,62.31,2964300,-4.09),(4556,5,'2025-03-14',64.05,64.68,62.64,63.84,3305800,63.84,63.84,63.84,63.84,3305800,1.53),(4557,5,'2025-03-17',63.36,66.26,63.36,65.68,2109500,65.68,65.68,65.68,65.68,2109500,1.84),(4558,5,'2025-03-18',64.83,65.29,63.65,64.33,1672400,64.33,64.33,64.33,64.33,1672400,-1.35),(4559,5,'2025-03-19',64.67,66.72,64.24,65.90,1658200,65.90,65.90,65.90,65.90,1658200,1.57),(4560,5,'2025-03-20',64.99,66.75,64.99,65.63,1130900,65.63,65.63,65.63,65.63,1130900,-0.27),(4561,5,'2025-03-21',64.60,65.62,63.74,65.56,2539000,65.56,65.56,65.56,65.56,2539000,-0.07),(4562,5,'2025-03-24',69.08,69.68,67.50,69.53,1644000,69.53,69.53,69.53,69.53,1644000,3.97),(4563,5,'2025-03-25',69.28,70.57,69.00,69.42,1966000,69.42,69.42,69.42,69.42,1966000,-0.11),(4564,5,'2025-03-26',69.10,69.56,65.26,65.76,2278900,65.76,65.76,65.76,65.76,2278900,-3.66),(4565,5,'2025-03-27',64.81,65.64,62.49,62.86,3517800,62.86,62.86,62.86,62.86,3517800,-2.90),(4566,5,'2025-03-28',62.65,63.31,61.00,61.56,2157700,61.56,61.56,61.56,61.56,2157700,-1.30),(4567,5,'2025-03-31',59.68,60.65,58.04,60.43,3553600,60.43,60.43,60.43,60.43,3553600,-1.13),(4568,5,'2025-04-01',60.51,61.58,59.16,61.54,2018100,61.54,61.54,61.54,61.54,2018100,1.11),(4569,5,'2025-04-02',59.99,66.77,59.99,65.03,3700000,65.03,65.03,65.03,65.03,3700000,3.49),(4570,5,'2025-04-03',59.61,61.28,56.07,56.19,2391600,56.19,56.19,56.19,56.19,2391600,-8.84),(4571,5,'2025-04-04',52.76,54.43,49.21,53.50,5780400,53.50,53.50,53.50,53.50,5780400,-2.69),(4572,5,'2025-04-07',50.17,58.79,50.15,55.22,3083200,55.22,55.22,55.22,55.22,3083200,1.72),(4573,5,'2025-04-08',57.49,59.18,52.98,54.03,2563300,54.03,54.03,54.03,54.03,2563300,-1.19),(4574,5,'2025-04-09',53.65,63.69,53.18,61.99,3358100,61.99,61.99,61.99,61.99,3358100,7.96),(4575,5,'2025-04-10',59.59,60.64,56.37,58.36,1911900,58.36,58.36,58.36,58.36,1911900,-3.63),(4576,5,'2025-04-11',57.86,59.60,56.75,58.78,2033100,58.78,58.78,58.78,58.78,2033100,0.42),(4577,5,'2025-04-14',61.22,61.86,58.18,58.50,1273700,58.50,58.50,58.50,58.50,1273700,-0.28),(4578,5,'2025-04-15',58.51,60.23,58.34,59.38,1232700,59.38,59.38,59.38,59.38,1232700,0.88),(4579,5,'2025-04-16',57.54,59.91,57.54,58.87,1003800,58.87,58.87,58.87,58.87,1003800,-0.51),(4580,5,'2025-04-17',59.75,60.67,58.76,60.14,1959400,60.14,60.14,60.14,60.14,1959400,1.27),(4581,5,'2025-04-21',59.01,59.44,56.94,57.84,1142100,57.84,57.84,57.84,57.84,1142100,-2.30),(4582,5,'2025-04-22',58.64,60.10,58.64,59.50,1200700,59.50,59.50,59.50,59.50,1200700,1.66),(4583,5,'2025-04-23',63.77,66.68,62.31,62.59,2672200,62.59,62.59,62.59,62.59,2672200,3.09),(4584,5,'2025-04-24',62.74,64.98,62.42,64.29,984600,64.29,64.29,64.29,64.29,984600,1.70),(4585,5,'2025-04-25',64.20,66.04,63.99,65.94,1601000,65.94,65.94,65.94,65.94,1601000,1.65),(4586,5,'2025-04-28',65.41,67.49,65.41,66.48,1696800,66.48,66.48,66.48,66.48,1696800,0.54),(4587,5,'2025-04-29',66.36,67.56,66.19,67.36,1264900,67.36,67.36,67.36,67.36,1264900,0.88),(4588,5,'2025-04-30',65.06,67.26,64.71,67.16,1739000,67.16,67.16,67.16,67.16,1739000,-0.20),(4589,5,'2025-05-01',69.50,72.73,69.06,71.43,3039400,71.43,71.43,71.43,71.43,3039400,4.27),(4590,5,'2025-05-02',72.23,73.85,72.23,72.85,1854200,72.85,72.85,72.85,72.85,1854200,1.42),(4591,5,'2025-05-05',71.68,73.93,71.30,72.91,1375400,72.91,72.91,72.91,72.91,1375400,0.06),(4592,5,'2025-05-06',70.90,73.11,70.67,72.66,1158700,72.66,72.66,72.66,72.66,1158700,-0.25),(4593,5,'2025-05-07',72.63,73.85,71.90,73.34,1710900,73.34,73.34,73.34,73.34,1710900,0.68),(4594,5,'2025-05-08',74.47,75.68,73.69,74.78,1581300,74.78,74.78,74.78,74.78,1581300,1.44),(4595,5,'2025-05-09',75.38,75.81,73.71,74.74,882200,74.74,74.74,74.74,74.74,882200,-0.04),(4596,5,'2025-05-12',78.58,79.67,77.16,79.01,1514700,79.01,79.01,79.01,79.01,1514700,4.27),(4597,5,'2025-05-13',79.05,81.41,78.63,80.59,1438600,80.59,80.59,80.59,80.59,1438600,1.58),(4598,5,'2025-05-14',80.98,81.48,78.84,79.53,1876100,79.53,79.53,79.53,79.53,1876100,-1.06),(4599,5,'2025-05-15',78.67,80.56,78.46,79.80,1405900,79.80,79.80,79.80,79.80,1405900,0.27),(4600,5,'2025-05-16',80.08,81.30,79.44,81.24,1271800,81.24,81.24,81.24,81.24,1271800,1.44),(4601,5,'2025-05-19',79.50,81.34,79.00,80.99,761800,80.99,80.99,80.99,80.99,761800,-0.25),(4602,5,'2025-05-20',80.90,81.09,80.26,81.05,761500,81.05,81.05,81.05,81.05,761500,0.06),(4603,5,'2025-05-21',79.93,82.21,79.60,79.92,1248700,79.92,79.92,79.92,79.92,1248700,-1.13),(4604,5,'2025-05-22',80.18,81.25,79.67,80.12,929200,80.12,80.12,80.12,80.12,929200,0.20),(4605,5,'2025-05-23',78.01,80.53,77.14,80.22,705300,80.22,80.22,80.22,80.22,705300,0.10),(4606,5,'2025-05-27',83.13,83.49,81.67,82.35,1354100,82.35,82.35,82.35,82.35,1354100,2.13),(4607,5,'2025-05-28',82.65,83.05,81.86,82.70,1301100,82.70,82.70,82.70,82.70,1301100,0.35),(4608,5,'2025-05-29',83.19,83.40,81.44,81.55,1122000,81.55,81.55,81.55,81.55,1122000,-1.15),(4609,5,'2025-05-30',80.14,80.67,78.45,80.06,2302900,80.06,80.06,80.06,80.06,2302900,-1.49),(4610,5,'2025-06-02',80.15,81.75,79.27,81.75,2591300,81.75,81.75,81.75,81.75,2591300,1.69),(4611,5,'2025-06-03',82.42,83.34,81.05,83.26,2690800,83.26,83.26,83.26,83.26,2690800,1.51),(4612,5,'2025-06-04',84.67,86.21,83.24,83.89,4094900,83.89,83.89,83.89,83.89,4094900,0.63),(4613,5,'2025-06-05',76.85,79.51,70.77,73.05,11619300,73.05,73.05,73.05,73.05,11619300,-10.84),(4614,5,'2025-06-06',73.88,74.44,71.75,72.72,3207200,72.72,72.72,72.72,72.72,3207200,-0.33),(4615,5,'2025-06-09',73.03,74.62,71.70,72.46,3397400,72.46,72.46,72.46,72.46,3397400,-0.26),(4616,5,'2025-06-10',72.73,73.10,70.85,72.44,3878800,72.44,72.44,72.44,72.44,3878800,-0.02),(4617,5,'2025-06-11',72.95,73.25,71.52,72.22,2769200,72.22,72.22,72.22,72.22,2769200,-0.22),(4618,5,'2025-06-12',71.52,74.20,71.52,74.13,2160900,74.13,74.13,74.13,74.13,2160900,1.91),(4619,5,'2025-06-13',72.72,73.67,71.72,72.16,1845200,72.16,72.16,72.16,72.16,1845200,-1.97),(4620,5,'2025-06-16',72.60,74.93,72.56,73.76,1854300,73.76,73.76,73.76,73.76,1854300,1.60),(4621,5,'2025-06-17',73.02,74.55,72.96,73.45,1566500,73.45,73.45,73.45,73.45,1566500,-0.31),(4622,5,'2025-06-18',74.14,74.75,73.23,73.82,1496900,73.82,73.82,73.82,73.82,1496900,0.37),(4623,5,'2025-06-20',74.43,75.56,73.96,74.53,2813700,74.53,74.53,74.53,74.53,2813700,0.71),(4624,5,'2025-06-23',73.96,75.72,73.55,75.44,2061600,75.44,75.44,75.44,75.44,2061600,0.91),(4625,5,'2025-06-24',77.00,79.87,76.06,79.35,2945300,79.35,79.35,79.35,79.35,2945300,3.91),(4626,5,'2025-06-25',79.75,80.24,78.35,79.43,1821700,79.43,79.43,79.43,79.43,1821700,0.08),(4627,5,'2025-06-26',80.06,82.45,79.79,81.51,3138900,81.51,81.51,81.51,81.51,3138900,2.08),(4628,5,'2025-06-27',81.93,82.41,80.70,82.12,3397400,82.12,82.12,82.12,82.12,3397400,0.61),(4629,5,'2025-06-30',82.94,83.28,81.25,81.33,1822900,81.33,81.33,81.33,81.33,1822900,-0.79),(4630,5,'2025-07-01',80.50,81.36,79.07,80.11,2042600,80.11,80.11,80.11,80.11,2042600,-1.22),(4631,5,'2025-07-02',79.16,80.07,78.09,79.52,3045200,79.52,79.52,79.52,79.52,3045200,-0.59),(4632,5,'2025-07-03',79.76,81.84,79.76,81.38,1082500,81.38,81.38,81.38,81.38,1082500,1.86),(4633,5,'2025-07-07',80.81,81.27,79.41,80.13,1591000,80.13,80.13,80.13,80.13,1591000,-1.25),(4634,5,'2025-07-08',77.25,79.88,77.11,78.66,3457800,78.66,78.66,78.66,78.66,3457800,-1.47),(4635,5,'2025-07-09',79.21,79.88,78.29,79.33,1330300,79.33,79.33,79.33,79.33,1330300,0.67),(4636,5,'2025-07-10',79.74,79.74,77.40,78.45,2332700,78.45,78.45,78.45,78.45,2332700,-0.88),(4637,5,'2025-07-11',77.98,78.29,77.10,77.75,1638200,77.75,77.75,77.75,77.75,1638200,-0.70),(4638,5,'2025-07-14',77.48,81.47,76.89,81.42,3647200,81.42,81.42,81.42,81.42,3647200,3.67),(4639,5,'2025-07-15',82.57,83.21,81.38,82.61,3086100,82.61,82.61,82.61,82.61,3086100,1.19),(4640,5,'2025-07-16',82.87,84.44,80.83,84.12,2534000,84.12,84.12,84.12,84.12,2534000,1.51),(4641,5,'2025-07-17',84.65,85.40,83.90,84.81,1760500,84.81,84.81,84.81,84.81,1760500,0.69),(4642,5,'2025-07-18',85.13,85.63,84.33,84.98,1784600,84.98,84.98,84.98,84.98,1784600,0.17),(4643,5,'2025-07-21',84.50,85.88,83.40,85.47,1162800,85.47,85.47,85.47,85.47,1162800,0.49),(4644,5,'2025-07-22',85.75,85.77,83.20,84.36,1680300,84.36,84.36,84.36,84.36,1680300,-1.11),(4645,5,'2025-07-23',84.95,87.29,84.38,86.75,1503200,86.75,86.75,86.75,86.75,1503200,2.39),(4646,5,'2025-07-24',87.01,87.67,86.38,87.19,1708700,87.19,87.19,87.19,87.19,1708700,0.44),(4647,5,'2025-07-25',87.68,88.92,86.84,88.60,1116000,88.60,88.60,88.60,88.60,1116000,1.41),(4648,5,'2025-07-28',88.75,90.76,88.25,90.55,1136500,90.55,90.55,90.55,90.55,1136500,1.95),(4649,5,'2025-07-29',92.00,93.48,90.81,91.07,2215500,91.07,91.07,91.07,91.07,2215500,0.52),(4650,5,'2025-07-30',91.40,93.01,91.17,92.95,1426200,92.95,92.95,92.95,92.95,1426200,1.88),(4651,5,'2025-07-31',94.01,95.51,92.79,92.84,1980300,92.84,92.84,92.84,92.84,1980300,-0.11),(4652,5,'2025-08-01',90.16,90.68,87.30,88.63,2151900,88.63,88.63,88.63,88.63,2151900,-4.21),(4653,5,'2025-08-04',89.42,92.90,88.65,92.67,1434300,92.67,92.67,92.67,92.67,1434300,4.04),(4654,5,'2025-08-05',93.02,93.12,90.47,91.49,1470700,91.49,91.49,91.49,91.49,1470700,-1.18),(4655,5,'2025-08-06',92.61,94.34,91.65,94.31,1363500,94.31,94.31,94.31,94.31,1363500,2.82),(4656,5,'2025-08-07',95.07,95.80,93.44,95.18,1216400,95.18,95.18,95.18,95.18,1216400,0.87),(4657,5,'2025-08-08',96.00,96.43,94.63,95.06,2021400,95.06,95.06,95.06,95.06,2021400,-0.12),(4658,5,'2025-08-11',94.75,95.71,93.16,93.38,1409300,93.38,93.38,93.38,93.38,1409300,-1.68),(4659,5,'2025-08-12',93.58,96.56,93.50,96.40,1488500,96.40,96.40,96.40,96.40,1488500,3.02),(4660,5,'2025-08-13',97.00,98.19,94.08,94.66,1547900,94.66,94.66,94.66,94.66,1547900,-1.74),(4661,5,'2025-08-14',92.88,93.40,89.09,91.42,2612600,91.42,91.42,91.42,91.42,2612600,-3.24),(4662,5,'2025-08-15',90.94,91.70,89.52,90.87,1478800,90.87,90.87,90.87,90.87,1478800,-0.55),(4663,5,'2025-08-18',90.46,92.21,90.10,91.93,1077600,91.93,91.93,91.93,91.93,1077600,1.06),(4664,5,'2025-08-19',91.01,91.37,88.45,88.77,1593800,88.77,88.77,88.77,88.77,1593800,-3.16),(4665,5,'2025-08-20',87.87,88.00,84.41,86.64,1889700,86.64,86.64,86.64,86.64,1889700,-2.13),(4666,5,'2025-08-21',86.34,87.63,86.00,87.36,1496000,87.36,87.36,87.36,87.36,1496000,0.72),(4667,5,'2025-08-22',87.54,90.45,87.25,89.81,1971300,89.81,89.81,89.81,89.81,1971300,2.45),(4668,5,'2025-08-25',90.12,91.12,89.41,90.74,1663800,90.74,90.74,90.74,90.74,1663800,0.93),(4669,5,'2025-08-26',91.09,92.52,90.65,91.49,1187200,91.49,91.49,91.49,91.49,1187200,0.75),(4670,5,'2025-08-27',91.43,94.04,91.43,92.74,1657600,92.74,92.74,92.74,92.74,1657600,1.25),(4671,5,'2025-08-28',93.00,98.88,92.87,97.89,2790400,97.89,97.89,97.89,97.89,2790400,5.15),(4672,5,'2025-08-29',97.25,97.55,93.47,93.97,2230600,93.97,93.97,93.97,93.97,2230600,-3.92),(4673,5,'2025-09-02',92.68,93.61,90.00,93.59,2702400,93.59,93.59,93.59,93.59,2702400,-0.38),(4674,5,'2025-09-03',93.74,95.21,92.46,94.82,5741200,94.82,94.82,94.82,94.82,5741200,1.23),(4675,5,'2025-09-04',115.00,122.00,110.90,116.92,11296500,116.92,116.92,116.92,116.92,11296500,22.10),(4676,5,'2025-09-05',115.86,117.06,113.66,116.69,4410300,116.69,116.69,116.69,116.69,4410300,-0.23),(4677,5,'2025-09-08',118.45,120.18,117.02,119.00,2593300,119.00,119.00,119.00,119.00,2593300,2.31),(4678,5,'2025-09-09',119.00,122.27,117.94,122.19,2131800,122.19,122.19,122.19,122.19,2131800,3.19),(4679,5,'2025-09-10',123.81,131.40,123.65,129.86,3431800,129.86,129.86,129.86,129.86,3431800,7.67),(4680,5,'2025-09-11',131.00,134.31,130.00,132.50,3381100,132.50,132.50,132.50,132.50,3381100,2.64),(4681,5,'2025-09-12',132.22,133.28,130.13,131.28,2778000,131.28,131.28,131.28,131.28,2778000,-1.22),(4682,5,'2025-09-15',132.00,138.35,131.45,135.90,3375500,135.90,135.90,135.90,135.90,3375500,4.62),(4683,5,'2025-09-16',136.39,137.64,133.94,137.48,2907000,137.48,137.48,137.48,137.48,2907000,1.58),(4684,5,'2025-09-17',139.55,139.55,132.93,136.38,3196700,136.38,136.38,136.38,136.38,3196700,-1.10),(4685,5,'2025-09-18',138.70,139.74,137.45,138.04,2048100,138.04,138.04,138.04,138.04,2048100,1.66),(4686,5,'2025-09-19',137.71,138.96,136.07,138.37,3153500,138.37,138.37,138.37,138.37,3153500,0.33),(4687,5,'2025-09-22',138.06,139.44,136.33,139.31,2613100,139.31,139.31,139.31,139.31,2613100,0.94),(4688,5,'2025-09-23',139.85,141.43,138.13,139.48,2846200,139.48,139.48,139.48,139.48,2846200,0.17),(4689,5,'2025-09-24',139.38,140.21,136.04,138.42,2367300,138.42,138.42,138.42,138.42,2367300,-1.06),(4690,5,'2025-09-25',134.51,137.61,133.67,137.17,2808100,137.17,137.17,137.17,137.17,2808100,-1.25),(4691,5,'2025-09-26',140.24,143.79,138.12,141.93,3795900,141.93,141.93,141.93,141.93,3795900,4.76),(4692,5,'2025-09-29',145.81,146.51,143.00,144.12,2318600,144.12,144.12,144.12,144.12,2318600,2.19),(4693,5,'2025-09-30',144.52,146.53,143.76,145.67,2088200,145.67,145.67,145.67,145.67,2088200,1.55),(4694,5,'2025-10-01',144.24,151.89,143.19,151.72,3107500,151.72,151.72,151.72,151.72,3107500,6.05),(4695,5,'2025-10-02',153.23,153.61,148.02,152.66,2280200,152.66,152.66,152.66,152.66,2280200,0.94),(4696,5,'2025-10-03',153.55,154.01,150.27,151.45,1762400,151.45,151.45,151.45,151.45,1762400,-1.21),(4697,5,'2025-10-06',152.68,159.43,151.64,153.25,3005500,153.25,153.25,153.25,153.25,3005500,1.80),(4698,5,'2025-10-07',154.00,155.20,147.36,151.48,2718500,151.48,151.48,151.48,151.48,2718500,-1.77),(4699,5,'2025-10-08',152.70,159.85,152.54,159.66,1981300,159.66,159.66,159.66,159.66,1981300,8.18),(4700,5,'2025-10-09',158.13,164.02,157.16,163.61,2366000,163.61,163.61,163.61,163.61,2366000,3.95),(4701,5,'2025-10-10',165.24,165.24,153.27,155.94,3059300,155.94,155.94,155.94,155.94,3059300,-7.67),(4702,5,'2025-10-13',164.00,167.34,160.10,164.78,2884700,164.78,164.78,164.78,164.78,2884700,8.84),(4703,5,'2025-10-14',161.55,167.28,159.01,164.82,1738600,164.82,164.82,164.82,164.82,1738600,0.04),(4704,5,'2025-10-15',168.99,172.92,166.89,168.71,2401800,168.71,168.71,168.71,168.71,2401800,3.89),(4705,5,'2025-10-16',170.43,176.88,170.05,170.78,2615900,170.78,170.78,170.78,170.78,2615900,2.07),(4706,5,'2025-10-17',169.48,173.06,165.08,170.95,1965600,170.95,170.95,170.95,170.95,1965600,0.17),(4707,5,'2025-10-20',173.63,177.79,171.95,173.12,2010800,173.12,173.12,173.12,173.12,2010800,2.17),(4708,5,'2025-10-21',172.81,174.08,169.11,169.71,2083700,169.71,169.71,169.71,169.71,2083700,-3.41),(4709,5,'2025-10-22',170.44,173.47,159.56,164.48,3091100,164.48,164.48,164.48,164.48,3091100,-5.23),(4710,5,'2025-10-23',164.48,173.84,164.13,172.58,2242000,172.58,172.58,172.58,172.58,2242000,8.10),(4711,5,'2025-10-24',175.83,181.05,175.59,179.05,1851300,179.05,179.05,179.05,179.05,1851300,6.47),(4712,5,'2025-10-27',182.63,186.32,180.92,182.54,1909200,182.54,182.54,182.54,182.54,1909200,3.49),(4713,5,'2025-10-28',182.26,184.98,173.80,183.04,2597000,183.04,183.04,183.04,183.04,2597000,0.50),(4714,5,'2025-10-29',184.70,193.12,184.50,189.27,2589100,189.27,189.27,189.27,189.27,2589100,6.23),(4715,5,'2025-10-30',188.17,193.74,186.13,188.96,1940800,188.96,188.96,188.96,188.96,1940800,-0.31),(4716,5,'2025-10-31',189.59,193.03,185.27,189.92,2146200,189.92,189.92,189.92,189.92,2146200,0.96),(4717,5,'2025-11-03',193.34,194.41,187.93,189.56,1725700,189.56,189.56,189.56,189.56,1725700,-0.36),(4718,5,'2025-11-04',182.53,188.77,177.41,182.87,3044900,182.87,182.87,182.87,182.87,3044900,-6.69),(4719,5,'2025-11-05',183.99,196.99,182.49,195.81,2782500,195.81,195.81,195.81,195.81,2782500,12.94),(4720,5,'2025-11-06',199.41,203.40,195.25,201.46,2829700,201.46,201.46,201.46,201.46,2829700,5.65),(4721,5,'2025-11-07',193.00,201.34,190.15,199.26,3331000,199.26,199.26,199.26,199.26,3331000,-2.20),(4722,5,'2025-11-10',206.80,214.17,205.16,208.74,3523300,208.74,208.74,208.74,208.74,3523300,9.48),(4723,5,'2025-11-11',204.53,208.25,200.75,207.43,2880000,207.43,207.43,207.43,207.43,2880000,-1.31),(4724,5,'2025-11-12',209.94,211.07,206.08,209.52,2188800,209.52,209.52,209.52,209.52,2188800,2.09),(4725,5,'2025-11-13',206.99,207.83,191.81,194.21,3621700,194.21,194.21,194.21,194.21,3621700,-15.31),(4726,5,'2025-11-14',184.05,195.91,183.08,191.71,5733900,191.71,191.71,191.71,191.71,5733900,-2.50),(4727,5,'2025-11-17',190.80,196.40,188.04,191.78,3143600,191.78,191.78,191.78,191.78,3143600,0.07),(4728,5,'2025-11-18',189.03,191.84,182.89,187.00,3498800,187.00,187.00,187.00,187.00,3498800,-4.78),(4729,5,'2025-11-19',187.93,192.35,184.67,188.78,2725900,188.78,188.78,188.78,188.78,2725900,1.78),(4730,5,'2025-11-20',198.11,202.60,175.43,176.45,3939200,176.45,176.45,176.45,176.45,3939200,-12.33),(4731,5,'2025-11-21',175.97,179.00,168.22,178.26,3812300,178.26,178.26,178.26,178.26,3812300,1.81),(4732,5,'2025-11-24',183.05,196.52,182.18,194.70,14026600,194.70,194.70,194.70,194.70,14026600,16.44),(4733,5,'2025-11-25',191.51,196.24,187.55,196.24,2114000,196.24,196.24,196.24,196.24,2114000,1.54),(4734,5,'2025-11-26',197.36,203.17,195.82,200.29,2033300,200.29,200.29,200.29,200.29,2033300,4.05),(4735,5,'2025-11-28',203.80,204.59,201.00,204.21,1262400,204.21,204.21,204.21,204.21,1262400,3.92),(4736,5,'2025-12-01',194.49,201.44,192.20,200.92,2303800,200.92,200.92,200.92,200.92,2303800,-3.29),(4737,5,'2025-12-02',204.03,209.19,198.01,202.50,2282800,202.50,202.50,202.50,202.50,2282800,1.58),(4738,5,'2025-12-03',201.00,202.22,186.39,193.35,3809100,193.35,193.35,193.35,193.35,3809100,-9.15),(4739,5,'2025-12-04',190.56,197.76,190.01,195.73,2447300,195.73,195.73,195.73,195.73,2447300,2.38),(4740,5,'2025-12-05',199.63,201.77,194.85,201.71,2332300,201.71,201.71,201.71,201.71,2332300,5.98),(4741,5,'2025-12-08',205.00,213.03,203.00,212.93,3775000,212.93,212.93,212.93,212.93,3775000,11.22),(4742,5,'2025-12-09',212.93,219.88,212.28,214.35,3288500,214.35,214.35,214.35,214.35,3288500,1.42),(4743,5,'2025-12-10',216.50,226.24,214.40,221.85,3822200,221.85,221.85,221.85,221.85,3822200,7.50),(4744,5,'2025-12-11',236.35,248.00,222.45,242.37,8607300,242.37,242.37,242.37,242.37,8607300,20.52),(4745,5,'2025-12-12',236.00,237.91,215.18,218.44,4664500,218.44,218.44,218.44,218.44,4664500,-23.93),(4746,5,'2025-12-15',220.84,226.02,215.60,216.18,2686500,216.18,216.18,216.18,216.18,2686500,-2.26),(4747,5,'2025-12-16',214.46,215.44,206.54,209.84,2727100,209.84,209.84,209.84,209.84,2727100,-6.34),(4748,5,'2025-12-17',212.85,215.70,201.70,203.90,2365600,203.90,203.90,203.90,203.90,2365600,-5.94),(4749,5,'2025-12-18',212.00,215.47,209.00,210.71,3057100,210.71,210.71,210.71,210.71,3057100,6.81),(4750,5,'2025-12-19',212.74,231.35,212.42,230.34,4528300,230.34,230.34,230.34,230.34,4528300,19.63),(4751,5,'2025-12-22',235.00,239.38,230.40,236.75,2811400,236.75,236.75,236.75,236.75,2811400,6.41),(4752,5,'2025-12-23',234.75,243.00,234.75,240.29,1802100,240.29,240.29,240.29,240.29,1802100,3.54),(4753,5,'2025-12-24',240.59,242.00,237.93,240.28,833200,240.28,240.28,240.28,240.28,833200,-0.01),(4754,5,'2025-12-26',240.90,242.51,238.43,241.68,946900,241.68,241.68,241.68,241.68,946900,1.40),(4755,5,'2025-12-29',237.26,241.23,230.13,239.00,1755600,239.00,239.00,239.00,239.00,1755600,-2.68),(4756,5,'2025-12-30',240.17,240.50,236.83,238.36,1163000,238.36,238.36,238.36,238.36,1163000,-0.64),(4757,5,'2025-12-31',239.08,239.90,232.41,233.87,1170200,233.87,233.87,233.87,233.87,1170200,-4.49),(4758,5,'2026-01-02',241.00,248.50,237.62,246.06,1985000,246.06,246.06,246.06,246.06,1985000,12.19),(4759,5,'2026-01-05',250.34,252.60,223.27,230.90,3215900,230.90,230.90,230.90,230.90,3215900,-15.16),(4760,5,'2026-01-06',230.20,254.82,221.12,254.19,3456200,254.19,254.19,254.19,254.19,3456200,23.29),(4761,5,'2026-01-07',253.00,261.13,248.99,259.27,3220700,259.27,259.27,259.27,259.27,3220700,5.08),(4762,5,'2026-01-08',258.26,259.00,221.14,225.21,4574100,225.21,225.21,225.21,225.21,4574100,-34.06),(4763,5,'2026-01-09',219.28,230.86,216.07,230.56,2772100,230.56,230.56,230.56,230.56,2772100,5.35),(4764,5,'2026-01-12',227.59,234.27,223.50,234.26,2240000,234.26,234.26,234.26,234.26,2240000,3.70),(4765,5,'2026-01-13',234.90,249.96,234.26,246.42,1699200,246.42,246.42,246.42,246.42,1699200,12.16),(4766,5,'2026-01-14',244.91,245.80,233.17,238.38,1776700,238.38,238.38,238.38,238.38,1776700,-8.04),(4767,5,'2026-01-15',245.00,252.20,243.35,243.79,1747700,243.79,243.79,243.79,243.79,1747700,5.41),(4768,5,'2026-01-16',247.09,253.90,241.55,243.42,2056200,243.42,243.42,243.42,243.42,2056200,-0.37),(4769,5,'2026-01-20',229.15,246.21,227.37,241.21,2737900,241.21,241.21,241.21,241.21,2737900,-2.21),(4770,5,'2026-01-21',241.52,242.00,226.82,231.89,2884900,231.89,231.89,231.89,231.89,2884900,-9.32),(4771,5,'2026-01-22',236.62,239.12,222.87,230.03,2095000,230.03,230.03,230.03,230.03,2095000,-1.86),(4772,5,'2026-01-23',229.16,232.03,220.52,229.14,1806100,229.14,229.14,229.14,229.14,1806100,-0.89),(4773,6,'2025-01-24',9.02,9.08,8.97,8.98,31999000,8.36,8.36,8.36,8.36,31999000,0.00),(4774,6,'2025-01-27',8.96,9.19,8.93,9.16,42584600,8.53,8.53,8.53,8.53,42584600,0.00),(4775,6,'2025-01-28',9.10,9.11,8.99,9.03,33070800,8.40,8.40,8.40,8.40,33070800,-0.13),(4776,6,'2025-01-29',9.02,9.17,8.99,9.07,32285400,8.44,8.44,8.44,8.44,32285400,0.04),(4777,6,'2025-01-30',9.16,9.52,9.15,9.39,49521100,8.74,8.74,8.74,8.74,49521100,0.32),(4778,6,'2025-01-31',9.43,9.51,9.29,9.29,41926200,8.65,8.65,8.65,8.65,41926200,-0.10),(4779,6,'2025-02-03',9.16,9.38,9.11,9.36,35563700,8.71,8.71,8.71,8.71,35563700,0.07),(4780,6,'2025-02-04',9.42,9.47,9.36,9.43,39983400,8.78,8.78,8.78,8.78,39983400,0.07),(4781,6,'2025-02-05',9.37,9.45,9.34,9.37,33600100,8.72,8.72,8.72,8.72,33600100,-0.06),(4782,6,'2025-02-06',9.61,9.68,9.56,9.61,37286000,8.94,8.94,8.94,8.94,37286000,0.24),(4783,6,'2025-02-07',9.68,9.68,9.43,9.47,35975100,8.81,8.81,8.81,8.81,35975100,-0.14),(4784,6,'2025-02-10',9.50,9.60,9.49,9.56,22423300,8.90,8.90,8.90,8.90,22423300,0.09),(4785,6,'2025-02-11',9.52,9.60,9.48,9.57,20254400,8.91,8.91,8.91,8.91,20254400,0.01),(4786,6,'2025-02-12',9.58,9.63,9.53,9.56,25367400,8.90,8.90,8.90,8.90,25367400,-0.01),(4787,6,'2025-02-13',9.41,9.58,9.36,9.57,26851800,8.91,8.91,8.91,8.91,26851800,0.01),(4788,6,'2025-02-14',9.70,9.82,9.65,9.76,31749100,9.08,9.08,9.08,9.08,31749100,0.19),(4789,6,'2025-02-18',9.80,9.88,9.76,9.81,26121700,9.13,9.13,9.13,9.13,26121700,0.05),(4790,6,'2025-02-19',9.74,9.78,9.63,9.74,31073400,9.06,9.06,9.06,9.06,31073400,-0.07),(4791,6,'2025-02-20',9.99,10.28,9.99,10.15,61783700,9.45,9.45,9.45,9.45,61783700,0.41),(4792,6,'2025-02-21',10.18,10.23,10.07,10.11,42834300,9.41,9.41,9.41,9.41,42834300,-0.04),(4793,6,'2025-02-24',10.18,10.23,9.95,9.97,34888300,9.28,9.28,9.28,9.28,34888300,-0.14),(4794,6,'2025-02-25',9.92,9.96,9.87,9.89,29611900,9.20,9.20,9.20,9.20,29611900,-0.08),(4795,6,'2025-02-26',9.96,9.97,9.75,9.76,34061800,9.08,9.08,9.08,9.08,34061800,-0.13),(4796,6,'2025-02-27',9.78,9.78,9.62,9.63,27660500,8.96,8.96,8.96,8.96,27660500,-0.13),(4797,6,'2025-02-28',9.56,9.60,9.35,9.43,33537800,8.78,8.78,8.78,8.78,33537800,-0.20),(4798,6,'2025-03-03',9.60,9.68,9.35,9.39,25193200,8.74,8.74,8.74,8.74,25193200,-0.04),(4799,6,'2025-03-04',9.34,9.47,9.21,9.36,27472000,8.71,8.71,8.71,8.71,27472000,-0.03),(4800,6,'2025-03-05',9.47,9.74,9.45,9.70,31026500,9.03,9.03,9.03,9.03,31026500,0.34),(4801,6,'2025-03-06',9.76,9.86,9.72,9.78,29942100,9.10,9.10,9.10,9.10,29942100,0.08),(4802,6,'2025-03-07',9.69,9.95,9.67,9.90,30056900,9.21,9.21,9.21,9.21,30056900,0.12),(4803,6,'2025-03-10',9.40,9.47,9.08,9.24,32666700,8.94,8.94,8.94,8.94,32666700,-0.66),(4804,6,'2025-03-11',9.29,9.44,9.16,9.40,36471200,9.09,9.09,9.09,9.09,36471200,0.16),(4805,6,'2025-03-12',9.24,9.29,9.16,9.27,28406200,8.97,8.97,8.97,8.97,28406200,-0.13),(4806,6,'2025-03-13',9.28,9.54,9.27,9.42,24075700,9.11,9.11,9.11,9.11,24075700,0.15),(4807,6,'2025-03-14',9.65,9.90,9.62,9.81,37639100,9.49,9.49,9.49,9.49,37639100,0.39),(4808,6,'2025-03-17',9.88,10.11,9.87,10.08,34569100,9.75,9.75,9.75,9.75,34569100,0.27),(4809,6,'2025-03-18',10.09,10.21,9.96,10.18,37160400,9.85,9.85,9.85,9.85,37160400,0.10),(4810,6,'2025-03-19',10.13,10.22,10.04,10.19,47709100,9.85,9.85,9.85,9.85,47709100,0.01),(4811,6,'2025-03-20',10.11,10.18,10.06,10.14,31148100,9.81,9.81,9.81,9.81,31148100,-0.05),(4812,6,'2025-03-21',10.00,10.09,9.98,10.07,35053400,9.74,9.74,9.74,9.74,35053400,-0.07),(4813,6,'2025-03-24',10.14,10.20,9.91,9.94,19496600,9.61,9.61,9.61,9.61,19496600,-0.13),(4814,6,'2025-03-25',10.08,10.16,10.05,10.09,27410600,9.76,9.76,9.76,9.76,27410600,0.15),(4815,6,'2025-03-26',10.09,10.15,10.06,10.13,22939800,9.80,9.80,9.80,9.80,22939800,0.04),(4816,6,'2025-03-27',10.07,10.20,10.06,10.17,20042800,9.84,9.84,9.84,9.84,20042800,0.04),(4817,6,'2025-03-28',10.12,10.16,10.01,10.04,21447100,9.71,9.71,9.71,9.71,21447100,-0.13),(4818,6,'2025-03-31',9.85,10.00,9.76,9.98,28351400,9.65,9.65,9.65,9.65,28351400,-0.06),(4819,6,'2025-04-01',10.06,10.22,10.04,10.10,20845100,9.77,9.77,9.77,9.77,20845100,0.12),(4820,6,'2025-04-02',10.11,10.11,9.94,10.09,24525700,9.76,9.76,9.76,9.76,24525700,-0.01),(4821,6,'2025-04-03',9.98,10.12,9.71,9.73,52912200,9.41,9.41,9.41,9.41,52912200,-0.36),(4822,6,'2025-04-04',9.29,9.30,8.87,9.08,73667800,8.78,8.78,8.78,8.78,73667800,-0.65),(4823,6,'2025-04-07',8.79,9.20,8.64,8.83,76247000,8.54,8.54,8.54,8.54,76247000,-0.25),(4824,6,'2025-04-08',9.00,9.01,8.17,8.26,68739000,7.99,7.99,7.99,7.99,68739000,-0.57),(4825,6,'2025-04-09',8.15,8.92,8.06,8.86,87806200,8.57,8.57,8.57,8.57,87806200,0.60),(4826,6,'2025-04-10',8.89,9.04,8.66,8.90,70888400,8.61,8.61,8.61,8.61,70888400,0.04),(4827,6,'2025-04-11',9.01,9.28,8.94,9.22,38903800,8.92,8.92,8.92,8.92,38903800,0.32),(4828,6,'2025-04-14',9.36,9.44,9.23,9.27,36387200,8.97,8.97,8.97,8.97,36387200,0.05),(4829,6,'2025-04-15',9.31,9.34,9.10,9.13,23790300,8.83,8.83,8.83,8.83,23790300,-0.14),(4830,6,'2025-04-16',9.05,9.08,8.93,9.00,25841900,8.70,8.70,8.70,8.70,25841900,-0.13),(4831,6,'2025-04-17',8.99,9.20,8.98,9.11,26700100,8.81,8.81,8.81,8.81,26700100,0.11),(4832,6,'2025-04-21',9.13,9.17,9.04,9.12,21868900,8.82,8.82,8.82,8.82,21868900,0.01),(4833,6,'2025-04-22',9.19,9.51,9.18,9.44,42473800,9.13,9.13,9.13,9.13,42473800,0.32),(4834,6,'2025-04-23',9.66,9.78,9.54,9.55,29221600,9.24,9.24,9.24,9.24,29221600,0.11),(4835,6,'2025-04-24',9.71,9.82,9.66,9.75,30354500,9.43,9.43,9.43,9.43,30354500,0.20),(4836,6,'2025-04-25',9.55,9.59,9.44,9.50,33335100,9.19,9.19,9.19,9.19,33335100,-0.25),(4837,6,'2025-04-28',9.51,9.62,9.48,9.60,22812000,9.28,9.28,9.28,9.28,22812000,0.10),(4838,6,'2025-04-29',9.61,9.63,9.55,9.60,24641600,9.28,9.28,9.28,9.28,24641600,0.00),(4839,6,'2025-04-30',9.31,9.43,9.29,9.31,30129700,9.00,9.00,9.00,9.00,30129700,-0.29),(4840,6,'2025-05-01',9.31,9.39,9.18,9.24,18480300,8.94,8.94,8.94,8.94,18480300,-0.07),(4841,6,'2025-05-02',9.44,9.52,9.32,9.37,21566800,9.06,9.06,9.06,9.06,21566800,0.13),(4842,6,'2025-05-05',9.41,9.43,9.30,9.31,16698600,9.00,9.00,9.00,9.00,16698600,-0.06),(4843,6,'2025-05-06',9.35,9.40,9.30,9.31,17114100,9.00,9.00,9.00,9.00,17114100,0.00),(4844,6,'2025-05-07',9.32,9.34,9.17,9.22,20660400,8.92,8.92,8.92,8.92,20660400,-0.09),(4845,6,'2025-05-08',9.31,9.43,9.27,9.30,28406000,8.99,8.99,8.99,8.99,28406000,0.08),(4846,6,'2025-05-09',9.35,9.39,9.31,9.36,19632100,9.05,9.05,9.05,9.05,19632100,0.06),(4847,6,'2025-05-12',9.71,9.77,9.54,9.60,25166500,9.28,9.28,9.28,9.28,25166500,0.24),(4848,6,'2025-05-13',9.66,9.92,9.65,9.88,30990500,9.56,9.56,9.56,9.56,30990500,0.28),(4849,6,'2025-05-14',9.92,9.93,9.76,9.79,25437300,9.47,9.47,9.47,9.47,25437300,-0.09),(4850,6,'2025-05-15',9.81,9.89,9.76,9.81,26677200,9.49,9.49,9.49,9.49,26677200,0.02),(4851,6,'2025-05-16',9.68,9.85,9.62,9.80,21490100,9.48,9.48,9.48,9.48,21490100,-0.01),(4852,6,'2025-05-19',9.70,9.86,9.70,9.83,23440100,9.51,9.51,9.51,9.51,23440100,0.03),(4853,6,'2025-05-20',9.80,9.82,9.71,9.78,17167900,9.46,9.46,9.46,9.46,17167900,-0.05),(4854,6,'2025-05-21',9.78,9.78,9.64,9.65,22641600,9.33,9.33,9.33,9.33,22641600,-0.13),(4855,6,'2025-05-22',9.63,9.75,9.55,9.58,34489600,9.26,9.26,9.26,9.26,34489600,-0.07),(4856,6,'2025-05-23',9.43,9.63,9.42,9.60,31060900,9.28,9.28,9.28,9.28,31060900,0.02),(4857,6,'2025-05-27',9.54,9.58,9.48,9.54,22266700,9.23,9.23,9.23,9.23,22266700,-0.06),(4858,6,'2025-05-28',9.46,9.46,9.33,9.37,29963500,9.06,9.06,9.06,9.06,29963500,-0.17),(4859,6,'2025-05-29',9.48,9.51,9.41,9.44,26528800,9.13,9.13,9.13,9.13,26528800,0.07),(4860,6,'2025-05-30',9.37,9.37,9.11,9.13,41904000,8.83,8.83,8.83,8.83,41904000,-0.31),(4861,6,'2025-06-02',9.24,9.31,9.21,9.27,25068000,8.97,8.97,8.97,8.97,25068000,0.14),(4862,6,'2025-06-03',9.19,9.35,9.12,9.31,27835800,9.00,9.00,9.00,9.00,27835800,0.04),(4863,6,'2025-06-04',9.39,9.51,9.35,9.35,31302000,9.04,9.04,9.04,9.04,31302000,0.04),(4864,6,'2025-06-05',9.54,9.62,9.47,9.50,32895800,9.19,9.19,9.19,9.19,32895800,0.15),(4865,6,'2025-06-06',9.51,9.55,9.41,9.49,28727700,9.18,9.18,9.18,9.18,28727700,-0.01),(4866,6,'2025-06-09',9.50,9.58,9.42,9.58,33646000,9.26,9.26,9.26,9.26,33646000,0.09),(4867,6,'2025-06-10',9.60,9.74,9.59,9.66,30561100,9.34,9.34,9.34,9.34,30561100,0.08),(4868,6,'2025-06-11',9.66,9.70,9.55,9.61,28707300,9.29,9.29,9.29,9.29,28707300,-0.05),(4869,6,'2025-06-12',9.54,9.60,9.48,9.54,23403400,9.23,9.23,9.23,9.23,23403400,-0.07),(4870,6,'2025-06-13',9.39,9.48,9.36,9.46,26563000,9.15,9.15,9.15,9.15,26563000,-0.08),(4871,6,'2025-06-16',9.54,9.86,9.53,9.82,46647600,9.50,9.50,9.50,9.50,46647600,0.36),(4872,6,'2025-06-17',9.75,9.77,9.34,9.35,95010600,9.04,9.04,9.04,9.04,95010600,-0.47),(4873,6,'2025-06-18',9.40,9.46,9.28,9.30,32767100,8.99,8.99,8.99,8.99,32767100,-0.05),(4874,6,'2025-06-20',9.28,9.28,9.02,9.06,64685300,8.76,8.76,8.76,8.76,64685300,-0.24),(4875,6,'2025-06-23',9.05,9.19,9.01,9.18,38963300,8.88,8.88,8.88,8.88,38963300,0.12),(4876,6,'2025-06-24',9.18,9.21,9.12,9.21,34861500,8.91,8.91,8.91,8.91,34861500,0.03),(4877,6,'2025-06-25',9.05,9.12,8.97,9.06,39327000,8.76,8.76,8.76,8.76,39327000,-0.15),(4878,6,'2025-06-26',9.28,9.50,9.27,9.47,87645600,9.16,9.16,9.16,9.16,87645600,0.41),(4879,6,'2025-06-27',9.51,9.74,9.48,9.74,66579000,9.42,9.42,9.42,9.42,66579000,0.27),(4880,6,'2025-06-30',9.62,9.75,9.61,9.71,45313700,9.39,9.39,9.39,9.39,45313700,-0.03),(4881,6,'2025-07-01',9.70,9.87,9.65,9.82,49736000,9.50,9.50,9.50,9.50,49736000,0.11),(4882,6,'2025-07-02',9.99,10.31,9.92,10.28,109623200,9.94,9.94,9.94,9.94,109623200,0.46),(4883,6,'2025-07-03',10.23,10.37,10.17,10.22,23864300,9.88,9.88,9.88,9.88,23864300,-0.06),(4884,6,'2025-07-07',10.08,10.14,9.89,9.94,35574500,9.61,9.61,9.61,9.61,35574500,-0.28),(4885,6,'2025-07-08',10.01,10.21,9.98,9.99,49347700,9.66,9.66,9.66,9.66,49347700,0.05),(4886,6,'2025-07-09',10.02,10.02,9.81,9.86,35222300,9.54,9.54,9.54,9.54,35222300,-0.13),(4887,6,'2025-07-10',10.08,10.32,9.95,9.96,84062800,9.63,9.63,9.63,9.63,84062800,0.10),(4888,6,'2025-07-11',10.01,10.16,9.93,10.14,47689800,9.81,9.81,9.81,9.81,47689800,0.18),(4889,6,'2025-07-14',9.98,10.01,9.86,9.90,28250000,9.57,9.57,9.57,9.57,28250000,-0.24),(4890,6,'2025-07-15',9.85,9.87,9.61,9.69,45335100,9.37,9.37,9.37,9.37,45335100,-0.21),(4891,6,'2025-07-16',9.70,9.84,9.69,9.78,46682700,9.46,9.46,9.46,9.46,46682700,0.09),(4892,6,'2025-07-17',9.76,9.87,9.74,9.81,53805100,9.49,9.49,9.49,9.49,53805100,0.03),(4893,6,'2025-07-18',9.85,9.90,9.74,9.77,35498200,9.45,9.45,9.45,9.45,35498200,-0.04),(4894,6,'2025-07-21',10.00,10.25,9.97,10.13,65886700,9.80,9.80,9.80,9.80,65886700,0.36),(4895,6,'2025-07-22',10.28,10.46,10.24,10.37,72961900,10.03,10.03,10.03,10.03,72961900,0.24),(4896,6,'2025-07-23',10.29,10.45,10.29,10.40,62197000,10.06,10.06,10.06,10.06,62197000,0.03),(4897,6,'2025-07-24',10.33,10.35,10.18,10.23,58951400,9.89,9.89,9.89,9.89,58951400,-0.17),(4898,6,'2025-07-25',10.11,10.12,9.93,10.00,50742100,9.67,9.67,9.67,9.67,50742100,-0.23),(4899,6,'2025-07-28',9.86,9.90,9.76,9.84,44956700,9.52,9.52,9.52,9.52,44956700,-0.16),(4900,6,'2025-07-29',9.89,9.97,9.82,9.89,44793900,9.56,9.56,9.56,9.56,44793900,0.05),(4901,6,'2025-07-30',9.75,9.76,9.56,9.63,69250100,9.31,9.31,9.31,9.31,69250100,-0.26),(4902,6,'2025-07-31',9.43,9.61,9.36,9.53,54555300,9.22,9.22,9.22,9.22,54555300,-0.10),(4903,6,'2025-08-01',9.89,9.93,9.66,9.71,91152400,9.39,9.39,9.39,9.39,91152400,0.18),(4904,6,'2025-08-04',9.83,9.87,9.76,9.85,52292300,9.53,9.53,9.53,9.53,52292300,0.14),(4905,6,'2025-08-05',9.89,10.01,9.84,9.87,27403100,9.55,9.55,9.55,9.55,27403100,0.02),(4906,6,'2025-08-06',9.97,9.97,9.85,9.85,23122900,9.53,9.53,9.53,9.53,23122900,-0.02),(4907,6,'2025-08-07',9.96,10.01,9.87,9.99,24773700,9.66,9.66,9.66,9.66,24773700,0.14),(4908,6,'2025-08-08',10.05,10.30,10.02,10.22,41941900,9.88,9.88,9.88,9.88,41941900,0.23),(4909,6,'2025-08-11',10.25,10.29,10.15,10.20,28044300,9.86,9.86,9.86,9.86,28044300,-0.02),(4910,6,'2025-08-12',10.31,10.44,10.31,10.40,40571900,10.06,10.06,10.06,10.06,40571900,0.20),(4911,6,'2025-08-13',10.06,10.14,10.03,10.08,24372200,10.08,10.08,10.08,10.08,24372200,-0.32),(4912,6,'2025-08-14',9.86,9.91,9.81,9.91,23363600,9.91,9.91,9.91,9.91,23363600,-0.17),(4913,6,'2025-08-15',9.91,9.97,9.84,9.92,19516800,9.92,9.92,9.92,9.92,19516800,0.01),(4914,6,'2025-08-18',9.90,9.94,9.78,9.81,21700100,9.81,9.81,9.81,9.81,21700100,-0.11),(4915,6,'2025-08-19',9.76,9.83,9.67,9.71,24904400,9.71,9.71,9.71,9.71,24904400,-0.10),(4916,6,'2025-08-20',9.71,9.76,9.68,9.72,22484800,9.72,9.72,9.72,9.72,22484800,0.01),(4917,6,'2025-08-21',9.70,9.81,9.68,9.81,14413900,9.81,9.81,9.81,9.81,14413900,0.09),(4918,6,'2025-08-22',9.80,10.15,9.80,10.12,31606900,10.12,10.12,10.12,10.12,31606900,0.31),(4919,6,'2025-08-25',10.18,10.26,10.14,10.17,16016600,10.17,10.17,10.17,10.17,16016600,0.05),(4920,6,'2025-08-26',10.12,10.23,10.12,10.22,19044100,10.22,10.22,10.22,10.22,19044100,0.05),(4921,6,'2025-08-27',10.17,10.26,10.13,10.25,14889000,10.25,10.25,10.25,10.25,14889000,0.03),(4922,6,'2025-08-28',10.32,10.42,10.24,10.25,26193700,10.25,10.25,10.25,10.25,26193700,0.00),(4923,6,'2025-08-29',10.25,10.32,10.25,10.28,15105200,10.28,10.28,10.28,10.28,15105200,0.03),(4924,6,'2025-09-02',10.13,10.18,10.08,10.17,19694900,10.17,10.17,10.17,10.17,19694900,-0.11),(4925,6,'2025-09-03',10.22,10.25,10.15,10.21,21207900,10.21,10.21,10.21,10.21,21207900,0.04),(4926,6,'2025-09-04',10.29,10.29,10.18,10.26,16803400,10.26,10.26,10.26,10.26,16803400,0.05),(4927,6,'2025-09-05',10.44,10.55,10.35,10.40,25996800,10.40,10.40,10.40,10.40,25996800,0.14),(4928,6,'2025-09-08',10.44,10.47,10.37,10.45,18200200,10.45,10.45,10.45,10.45,18200200,0.05),(4929,6,'2025-09-09',10.55,10.63,10.33,10.35,26517800,10.35,10.35,10.35,10.35,26517800,-0.10),(4930,6,'2025-09-10',10.49,10.57,10.43,10.50,26580100,10.50,10.50,10.50,10.50,26580100,0.15),(4931,6,'2025-09-11',10.45,10.67,10.45,10.63,30818300,10.63,10.63,10.63,10.63,30818300,0.13),(4932,6,'2025-09-12',10.65,10.75,10.61,10.67,25684000,10.67,10.67,10.67,10.67,25684000,0.04),(4933,6,'2025-09-15',10.75,10.86,10.70,10.83,22165700,10.83,10.83,10.83,10.83,22165700,0.16),(4934,6,'2025-09-16',10.90,10.94,10.76,10.91,39632500,10.91,10.91,10.91,10.91,39632500,0.08),(4935,6,'2025-09-17',10.87,11.01,10.81,10.88,34852900,10.88,10.88,10.88,10.88,34852900,-0.03),(4936,6,'2025-09-18',10.96,10.98,10.82,10.84,27690400,10.84,10.84,10.84,10.84,27690400,-0.04),(4937,6,'2025-09-19',10.86,10.93,10.81,10.86,22484800,10.86,10.86,10.86,10.86,22484800,0.02),(4938,6,'2025-09-22',10.92,10.96,10.82,10.86,24583000,10.86,10.86,10.86,10.86,24583000,0.00),(4939,6,'2025-09-23',10.91,11.06,10.90,10.95,33201700,10.95,10.95,10.95,10.95,33201700,0.09),(4940,6,'2025-09-24',10.91,10.97,10.82,10.83,24335900,10.83,10.83,10.83,10.83,24335900,-0.12),(4941,6,'2025-09-25',10.93,10.97,10.85,10.89,24906400,10.89,10.89,10.89,10.89,24906400,0.06),(4942,6,'2025-09-26',10.80,10.80,10.58,10.70,59854500,10.70,10.70,10.70,10.70,59854500,-0.19),(4943,6,'2025-09-29',10.82,10.88,10.73,10.75,33345800,10.75,10.75,10.75,10.75,33345800,0.05),(4944,6,'2025-09-30',10.81,10.89,10.72,10.86,30235900,10.86,10.86,10.86,10.86,30235900,0.11),(4945,6,'2025-10-01',10.94,11.08,10.90,10.98,30067300,10.98,10.98,10.98,10.98,30067300,0.12),(4946,6,'2025-10-02',11.04,11.07,10.86,11.02,34919900,11.02,11.02,11.02,11.02,34919900,0.04),(4947,6,'2025-10-03',10.97,11.09,10.97,11.01,27156600,11.01,11.01,11.01,11.01,27156600,-0.01),(4948,6,'2025-10-06',11.12,11.32,11.10,11.29,52374100,11.29,11.29,11.29,11.29,52374100,0.28),(4949,6,'2025-10-07',11.19,11.21,11.02,11.04,36894700,11.04,11.04,11.04,11.04,36894700,-0.25),(4950,6,'2025-10-08',11.10,11.16,11.06,11.10,31062700,11.10,11.10,11.10,11.10,31062700,0.06),(4951,6,'2025-10-09',11.20,11.33,11.02,11.03,42470000,11.03,11.03,11.03,11.03,42470000,-0.07),(4952,6,'2025-10-10',11.04,11.10,10.71,10.75,46652000,10.75,10.75,10.75,10.75,46652000,-0.28),(4953,6,'2025-10-13',10.96,11.06,10.90,11.01,30061800,11.01,11.01,11.01,11.01,30061800,0.26),(4954,6,'2025-10-14',10.79,11.02,10.77,10.97,33461200,10.97,10.97,10.97,10.97,33461200,-0.04),(4955,6,'2025-10-15',11.02,11.20,11.01,11.17,38155500,11.17,11.17,11.17,11.17,38155500,0.20),(4956,6,'2025-10-16',11.15,11.19,11.01,11.11,30463700,11.11,11.11,11.11,11.11,30463700,-0.06),(4957,6,'2025-10-17',11.02,11.14,11.00,11.10,29373700,11.10,11.10,11.10,11.10,29373700,-0.01),(4958,6,'2025-10-20',11.25,11.46,11.22,11.40,34717000,11.40,11.40,11.40,11.40,34717000,0.30),(4959,6,'2025-10-21',11.28,11.38,11.23,11.27,41881300,11.27,11.27,11.27,11.27,41881300,-0.13),(4960,6,'2025-10-22',11.40,11.57,11.38,11.52,49747300,11.52,11.52,11.52,11.52,49747300,0.25),(4961,6,'2025-10-23',11.64,11.66,11.45,11.46,24643000,11.46,11.46,11.46,11.46,24643000,-0.06),(4962,6,'2025-10-24',11.53,11.56,11.40,11.41,21305200,11.41,11.41,11.41,11.41,21305200,-0.05),(4963,6,'2025-10-27',11.54,11.55,11.43,11.46,26895400,11.46,11.46,11.46,11.46,26895400,0.05),(4964,6,'2025-10-28',11.49,11.69,11.48,11.62,36276300,11.62,11.62,11.62,11.62,36276300,0.16),(4965,6,'2025-10-29',11.86,11.94,11.75,11.83,48965200,11.83,11.83,11.83,11.83,48965200,0.21),(4966,6,'2025-10-30',11.78,11.93,11.69,11.89,38570800,11.89,11.89,11.89,11.89,38570800,0.06),(4967,6,'2025-10-31',11.90,12.22,11.89,12.09,45923400,12.09,12.09,12.09,12.09,45923400,0.20),(4968,6,'2025-11-03',12.13,12.24,12.10,12.20,37428300,12.20,12.20,12.20,12.20,37428300,0.11),(4969,6,'2025-11-04',12.02,12.07,11.87,11.94,51377400,11.94,11.94,11.94,11.94,51377400,-0.26),(4970,6,'2025-11-05',12.12,12.39,12.09,12.31,43423900,12.31,12.31,12.31,12.31,43423900,0.37),(4971,6,'2025-11-06',12.35,12.40,12.18,12.23,33872800,12.23,12.23,12.23,12.23,33872800,-0.08),(4972,6,'2025-11-07',12.02,12.16,11.94,12.15,31631500,12.15,12.15,12.15,12.15,31631500,-0.08),(4973,6,'2025-11-10',12.33,12.34,12.21,12.30,19436300,12.30,12.30,12.30,12.30,19436300,0.15),(4974,6,'2025-11-11',12.42,12.48,12.29,12.34,22881400,12.34,12.34,12.34,12.34,22881400,0.04),(4975,6,'2025-11-12',12.42,12.49,12.36,12.48,22241900,12.48,12.48,12.48,12.48,22241900,0.14),(4976,6,'2025-11-13',12.50,12.60,12.33,12.38,20435100,12.38,12.38,12.38,12.38,20435100,-0.10),(4977,6,'2025-11-14',12.26,12.42,12.19,12.30,24747100,12.30,12.30,12.30,12.30,24747100,-0.08),(4978,6,'2025-11-17',12.31,12.38,12.16,12.17,28106100,12.17,12.17,12.17,12.17,28106100,-0.13),(4979,6,'2025-11-18',12.14,12.28,12.05,12.17,26444000,12.17,12.17,12.17,12.17,26444000,0.00),(4980,6,'2025-11-19',12.15,12.27,12.10,12.12,21571000,12.12,12.12,12.12,12.12,21571000,-0.05),(4981,6,'2025-11-20',12.22,12.27,11.89,11.92,31217100,11.92,11.92,11.92,11.92,31217100,-0.20),(4982,6,'2025-11-21',12.01,12.12,11.82,12.09,42962300,12.09,12.09,12.09,12.09,42962300,0.17),(4983,6,'2025-11-24',12.08,12.17,12.06,12.09,20333400,12.09,12.09,12.09,12.09,20333400,0.00),(4984,6,'2025-11-25',12.18,12.26,12.14,12.19,24892100,12.19,12.19,12.19,12.19,24892100,0.10),(4985,6,'2025-11-26',12.28,12.56,12.28,12.51,28521300,12.51,12.51,12.51,12.51,28521300,0.32),(4986,6,'2025-11-28',12.65,12.72,12.54,12.61,26854700,12.61,12.61,12.61,12.61,26854700,0.10),(4987,6,'2025-12-01',12.66,12.74,12.64,12.69,23346100,12.69,12.69,12.69,12.69,23346100,0.08),(4988,6,'2025-12-02',12.79,12.90,12.68,12.89,30154800,12.89,12.89,12.89,12.89,30154800,0.20),(4989,6,'2025-12-03',13.00,13.39,12.96,13.30,70480300,13.30,13.30,13.30,13.30,70480300,0.41),(4990,6,'2025-12-04',13.42,13.62,13.30,13.56,54701700,13.56,13.56,13.56,13.56,54701700,0.26),(4991,6,'2025-12-05',13.53,13.56,12.80,12.90,77142900,12.90,12.90,12.90,12.90,77142900,-0.66),(4992,6,'2025-12-08',13.04,13.05,12.75,12.81,34302900,12.81,12.81,12.81,12.81,34302900,-0.09),(4993,6,'2025-12-09',12.69,12.92,12.61,12.80,21962800,12.80,12.80,12.80,12.80,21962800,-0.01),(4994,6,'2025-12-10',13.05,13.06,12.85,12.99,24953800,12.99,12.99,12.99,12.99,24953800,0.19),(4995,6,'2025-12-11',13.03,13.40,13.02,13.29,40863000,13.29,13.29,13.29,13.29,40863000,0.30),(4996,6,'2025-12-12',12.68,12.83,12.51,12.69,41038700,12.69,12.69,12.69,12.69,41038700,-0.60),(4997,6,'2025-12-15',12.79,12.82,12.67,12.77,22665300,12.77,12.77,12.77,12.77,22665300,0.08),(4998,6,'2025-12-16',12.80,12.87,12.70,12.72,25328900,12.72,12.72,12.72,12.72,25328900,-0.05),(4999,6,'2025-12-17',12.74,12.87,12.71,12.79,24960500,12.79,12.79,12.79,12.79,24960500,0.07),(5000,6,'2025-12-18',12.77,12.91,12.73,12.77,27332100,12.77,12.77,12.77,12.77,27332100,-0.02),(5001,6,'2025-12-19',12.80,12.87,12.71,12.72,31704300,12.72,12.72,12.72,12.72,31704300,-0.05),(5002,6,'2025-12-22',12.88,13.20,12.86,13.15,35663600,13.15,13.15,13.15,13.15,35663600,0.43),(5003,6,'2025-12-23',13.20,13.24,13.13,13.21,21744800,13.21,13.21,13.21,13.21,21744800,0.06),(5004,6,'2025-12-24',13.21,13.22,13.07,13.15,5409800,13.15,13.15,13.15,13.15,5409800,-0.06),(5005,6,'2025-12-26',13.22,13.28,13.16,13.23,14882000,13.23,13.23,13.23,13.23,14882000,0.08),(5006,6,'2025-12-29',13.14,13.16,12.87,12.92,24130700,12.92,12.92,12.92,12.92,24130700,-0.31),(5007,6,'2025-12-30',13.23,13.24,13.08,13.10,17163200,13.10,13.10,13.10,13.10,17163200,0.18),(5008,6,'2025-12-31',13.08,13.09,13.00,13.03,7913500,13.03,13.03,13.03,13.03,7913500,-0.07),(5009,6,'2026-01-02',13.25,13.30,13.18,13.26,16920500,13.26,13.26,13.26,13.26,16920500,0.23),(5010,6,'2026-01-05',13.44,13.63,13.37,13.56,41816300,13.56,13.56,13.56,13.56,41816300,0.30),(5011,6,'2026-01-06',13.65,14.18,13.65,14.17,61443200,14.17,14.17,14.17,14.17,61443200,0.61),(5012,6,'2026-01-07',14.07,14.38,14.02,14.26,60415000,14.26,14.26,14.26,14.26,60415000,0.09),(5013,6,'2026-01-08',13.95,14.11,13.76,14.07,44432400,14.07,14.07,14.07,14.07,44432400,-0.19),(5014,6,'2026-01-09',13.94,14.15,13.89,13.97,29252900,13.97,13.97,13.97,13.97,29252900,-0.10),(5015,6,'2026-01-12',14.03,14.08,13.86,13.90,24795300,13.90,13.90,13.90,13.90,24795300,-0.07),(5016,6,'2026-01-13',14.01,14.16,13.89,14.11,30406100,14.11,14.11,14.11,14.11,30406100,0.21),(5017,6,'2026-01-14',14.18,14.68,14.17,14.61,50116000,14.61,14.61,14.61,14.61,50116000,0.50),(5018,6,'2026-01-15',14.75,14.83,14.62,14.67,44294200,14.67,14.67,14.67,14.67,44294200,0.06),(5019,6,'2026-01-16',14.53,14.63,14.42,14.61,30226400,14.61,14.61,14.61,14.61,30226400,-0.06),(5020,6,'2026-01-20',14.42,14.95,14.35,14.93,36506000,14.93,14.93,14.93,14.93,36506000,0.32),(5021,6,'2026-01-21',15.17,15.61,15.15,15.57,57888700,15.57,15.57,15.57,15.57,57888700,0.64),(5022,6,'2026-01-22',15.65,15.97,15.63,15.74,52672800,15.74,15.74,15.74,15.74,52672800,0.17),(5023,6,'2026-01-23',15.90,16.22,15.81,16.18,31004000,16.18,16.18,16.18,16.18,31004000,0.44),(5024,7,'2025-01-24',20.45,20.67,19.80,20.35,12051100,20.35,20.35,20.35,20.35,12051100,0.00),(5025,7,'2025-01-27',19.77,20.64,18.93,19.16,9705600,19.16,19.16,19.16,19.16,9705600,0.00),(5026,7,'2025-01-28',19.65,20.31,18.73,20.14,7815300,20.14,20.14,20.14,20.14,7815300,0.98),(5027,7,'2025-01-29',19.54,19.55,17.50,17.72,19271000,17.72,17.72,17.72,17.72,19271000,-2.42),(5028,7,'2025-01-30',18.52,18.96,18.20,18.21,8845600,18.21,18.21,18.21,18.21,8845600,0.49),(5029,7,'2025-01-31',19.24,22.19,18.92,20.24,26527900,20.24,20.24,20.24,20.24,26527900,2.03),(5030,7,'2025-02-03',18.89,21.93,18.86,21.47,11870000,21.47,21.47,21.47,21.47,11870000,1.23),(5031,7,'2025-02-04',21.95,23.83,21.90,23.09,12347300,23.09,23.09,23.09,23.09,12347300,1.62),(5032,7,'2025-02-05',23.20,24.75,23.19,24.71,10832400,24.71,24.71,24.71,24.71,10832400,1.62),(5033,7,'2025-02-06',25.44,27.61,25.30,27.12,19744000,27.12,27.12,27.12,27.12,19744000,2.41),(5034,7,'2025-02-07',27.76,28.76,25.86,26.51,14605200,26.51,26.51,26.51,26.51,14605200,-0.61),(5035,7,'2025-02-10',27.40,32.97,27.40,31.14,33859200,31.14,31.14,31.14,31.14,33859200,4.63),(5036,7,'2025-02-11',30.59,30.80,28.35,28.40,13410600,28.40,28.40,28.40,28.40,13410600,-2.74),(5037,7,'2025-02-12',28.47,29.14,27.30,27.61,10916800,27.61,27.61,27.61,27.61,10916800,-0.79),(5038,7,'2025-02-13',27.70,30.77,27.05,30.05,13314100,30.05,30.05,30.05,30.05,13314100,2.44),(5039,7,'2025-02-14',30.18,32.47,29.37,32.10,14025200,32.10,32.10,32.10,32.10,14025200,2.05),(5040,7,'2025-02-18',32.90,33.55,30.67,30.90,12717200,30.90,30.90,30.90,30.90,12717200,-1.20),(5041,7,'2025-02-19',31.06,33.18,30.72,31.17,12147100,31.17,31.17,31.17,31.17,12147100,0.27),(5042,7,'2025-02-20',30.92,32.11,28.87,31.63,10794700,31.63,31.63,31.63,31.63,10794700,0.46),(5043,7,'2025-02-21',31.50,31.84,28.59,28.64,9849700,28.64,28.64,28.64,28.64,9849700,-2.99),(5044,7,'2025-02-24',28.39,29.14,26.10,28.57,14652400,28.57,28.57,28.57,28.57,14652400,-0.07),(5045,7,'2025-02-25',27.70,28.17,25.72,26.17,13082700,26.17,26.17,26.17,26.17,13082700,-2.40),(5046,7,'2025-02-26',28.57,30.99,27.00,27.24,16756300,27.24,27.24,27.24,27.24,16756300,1.07),(5047,7,'2025-02-27',28.06,29.15,25.93,26.08,12100800,26.08,26.08,26.08,26.08,12100800,-1.16),(5048,7,'2025-02-28',25.47,27.56,25.01,27.11,9551400,27.11,27.11,27.11,27.11,9551400,1.03),(5049,7,'2025-03-03',29.08,29.10,24.89,25.62,15088000,25.62,25.62,25.62,25.62,15088000,-1.49),(5050,7,'2025-03-04',24.52,30.70,24.48,28.61,24470500,28.61,28.61,28.61,28.61,24470500,2.99),(5051,7,'2025-03-05',30.12,34.10,28.95,33.80,27623800,33.80,33.80,33.80,33.80,27623800,5.19),(5052,7,'2025-03-06',32.64,35.49,30.82,32.18,21833300,32.18,32.18,32.18,32.18,21833300,-1.62),(5053,7,'2025-03-07',31.40,34.06,29.55,33.40,17171400,33.40,33.40,33.40,33.40,17171400,1.22),(5054,7,'2025-03-10',32.11,32.80,28.34,29.14,15380100,29.14,29.14,29.14,29.14,15380100,-4.26),(5055,7,'2025-03-11',28.96,29.93,27.30,28.66,11095600,28.66,28.66,28.66,28.66,11095600,-0.48),(5056,7,'2025-03-12',29.99,30.80,27.02,27.56,11715600,27.56,27.56,27.56,27.56,11715600,-1.10),(5057,7,'2025-03-13',27.52,27.84,25.86,26.12,8497100,26.12,26.12,26.12,26.12,8497100,-1.44),(5058,7,'2025-03-14',26.55,28.25,25.70,28.15,8404300,28.15,28.15,28.15,28.15,8404300,2.03),(5059,7,'2025-03-17',27.74,28.72,27.16,28.02,7564400,28.02,28.02,28.02,28.02,7564400,-0.13),(5060,7,'2025-03-18',27.76,27.78,26.20,26.25,7055000,26.25,26.25,26.25,26.25,7055000,-1.77),(5061,7,'2025-03-19',26.44,26.51,24.62,25.65,11484900,25.65,25.65,25.65,25.65,11484900,-0.60),(5062,7,'2025-03-20',25.56,25.78,24.09,24.69,6738700,24.69,24.69,24.69,24.69,6738700,-0.96),(5063,7,'2025-03-21',24.22,25.99,24.03,25.71,6794300,25.71,25.71,25.71,25.71,6794300,1.02),(5064,7,'2025-03-24',26.62,29.45,26.50,29.30,10852600,29.30,29.30,29.30,29.30,10852600,3.59),(5065,7,'2025-03-25',28.92,29.59,28.39,28.55,5202600,28.55,28.55,28.55,28.55,5202600,-0.75),(5066,7,'2025-03-26',28.58,29.20,27.27,27.29,5715800,27.29,27.29,27.29,27.29,5715800,-1.26),(5067,7,'2025-03-27',27.00,27.51,25.76,25.80,5662100,25.80,25.80,25.80,25.80,5662100,-1.49),(5068,7,'2025-03-28',25.67,25.80,23.46,24.06,9865500,24.06,24.06,24.06,24.06,9865500,-1.74),(5069,7,'2025-03-31',22.83,23.40,22.22,22.74,8758300,22.74,22.74,22.74,22.74,8758300,-1.32),(5070,7,'2025-04-01',22.77,22.91,21.63,21.85,8856200,21.85,21.85,21.85,21.85,8856200,-0.89),(5071,7,'2025-04-02',21.37,23.22,21.31,22.41,9222900,22.41,22.41,22.41,22.41,9222900,0.56),(5072,7,'2025-04-03',20.08,22.32,20.01,21.58,10501900,21.58,21.58,21.58,21.58,10501900,-0.83),(5073,7,'2025-04-04',20.60,21.15,18.50,20.07,13320600,20.07,20.07,20.07,20.07,13320600,-1.51),(5074,7,'2025-04-07',18.50,22.86,18.22,21.33,13431000,21.33,21.33,21.33,21.33,13431000,1.26),(5075,7,'2025-04-08',22.76,22.80,19.75,20.30,10048700,20.30,20.30,20.30,20.30,10048700,-1.03),(5076,7,'2025-04-09',20.24,24.89,19.67,24.14,18023900,24.14,24.14,24.14,24.14,18023900,3.84),(5077,7,'2025-04-10',24.01,24.49,22.44,23.14,10024800,23.14,23.14,23.14,23.14,10024800,-1.00),(5078,7,'2025-04-11',23.05,23.47,22.04,23.28,6172700,23.28,23.28,23.28,23.28,6172700,0.14),(5079,7,'2025-04-14',24.19,24.60,22.51,22.91,4688200,22.91,22.91,22.91,22.91,4688200,-0.37),(5080,7,'2025-04-15',22.90,23.41,22.15,22.92,7190900,22.92,22.92,22.92,22.92,7190900,0.01),(5081,7,'2025-04-16',22.67,22.98,21.75,22.39,4526100,22.39,22.39,22.39,22.39,4526100,-0.53),(5082,7,'2025-04-17',22.73,23.99,22.28,23.39,6153400,23.39,23.39,23.39,23.39,6153400,1.00),(5083,7,'2025-04-21',22.71,22.98,20.26,20.76,8348300,20.76,20.76,20.76,20.76,8348300,-2.63),(5084,7,'2025-04-22',21.17,21.97,20.68,21.30,5281300,21.30,21.30,21.30,21.30,5281300,0.53),(5085,7,'2025-04-23',22.69,23.93,22.30,22.42,7991700,22.42,22.42,22.42,22.42,7991700,1.12),(5086,7,'2025-04-24',23.00,24.78,22.89,24.07,9908000,24.07,24.07,24.07,24.07,9908000,1.65),(5087,7,'2025-04-25',23.84,23.97,22.57,23.76,7878700,23.76,23.76,23.76,23.76,7878700,-0.31),(5088,7,'2025-04-28',24.10,25.20,23.17,24.25,6509700,24.25,24.25,24.25,24.25,6509700,0.49),(5089,7,'2025-04-29',24.21,24.44,23.79,23.90,3713500,23.90,23.90,23.90,23.90,3713500,-0.35),(5090,7,'2025-04-30',22.85,23.23,22.07,23.21,5430500,23.21,23.21,23.21,23.21,5430500,-0.69),(5091,7,'2025-05-01',23.81,23.85,22.83,23.02,4439600,23.02,23.02,23.02,23.02,4439600,-0.19),(5092,7,'2025-05-02',24.34,27.57,24.33,26.42,19989000,26.42,26.42,26.42,26.42,19989000,3.40),(5093,7,'2025-05-05',25.92,26.36,24.60,24.75,10944500,24.75,24.75,24.75,24.75,10944500,-1.67),(5094,7,'2025-05-06',24.20,25.34,23.77,25.08,6889500,25.08,25.08,25.08,25.08,6889500,0.33),(5095,7,'2025-05-07',25.39,25.98,24.96,25.32,6138300,25.32,25.32,25.32,25.32,6138300,0.24),(5096,7,'2025-05-08',25.90,25.94,24.90,25.25,6894100,25.25,25.25,25.25,25.25,6894100,-0.07),(5097,7,'2025-05-09',25.51,25.91,24.96,25.76,7707300,25.76,25.76,25.76,25.76,7707300,0.51),(5098,7,'2025-05-12',27.17,27.45,26.13,27.16,14764300,27.16,27.16,27.16,27.16,14764300,1.40),(5099,7,'2025-05-13',25.90,29.05,25.71,26.55,19634800,26.55,26.55,26.55,26.55,19634800,-0.61),(5100,7,'2025-05-14',26.99,28.45,26.03,26.25,14028800,26.25,26.25,26.25,26.25,14028800,-0.30),(5101,7,'2025-05-15',26.14,27.32,25.56,26.24,11660700,26.24,26.24,26.24,26.24,11660700,-0.01),(5102,7,'2025-05-16',27.00,27.97,25.74,26.66,15837300,26.66,26.66,26.66,26.66,15837300,0.42),(5103,7,'2025-05-19',25.67,25.86,24.07,24.61,17496700,24.61,24.61,24.61,24.61,17496700,-2.05),(5104,7,'2025-05-20',24.64,26.05,24.17,25.03,13747000,25.03,25.03,25.03,25.03,13747000,0.42),(5105,7,'2025-05-21',24.80,25.24,23.56,23.83,10886500,23.83,23.83,23.83,23.83,10886500,-1.20),(5106,7,'2025-05-22',24.07,24.84,23.70,24.41,8339800,24.41,24.41,24.41,24.41,8339800,0.58),(5107,7,'2025-05-23',24.15,24.53,23.65,24.09,6939200,24.09,24.09,24.09,24.09,6939200,-0.32),(5108,7,'2025-05-27',24.73,25.67,24.50,24.84,11517100,24.84,24.84,24.84,24.84,11517100,0.75),(5109,7,'2025-05-28',25.01,25.18,24.34,24.78,7740700,24.78,24.78,24.78,24.78,7740700,-0.06),(5110,7,'2025-05-29',25.11,25.44,23.52,23.57,9682500,23.57,23.57,23.57,23.57,9682500,-1.21),(5111,7,'2025-05-30',23.39,23.40,22.47,23.07,9399200,23.07,23.07,23.07,23.07,9399200,-0.50),(5112,7,'2025-06-02',22.98,24.17,22.72,24.15,7858900,24.15,24.15,24.15,24.15,7858900,1.08),(5113,7,'2025-06-03',24.33,25.57,23.80,25.18,10494300,25.18,25.18,25.18,25.18,10494300,1.03),(5114,7,'2025-06-04',25.80,29.09,25.40,28.69,32676900,28.69,28.69,28.69,28.69,32676900,3.51),(5115,7,'2025-06-05',28.05,31.24,27.72,30.85,29674100,30.85,30.85,30.85,30.85,29674100,2.16),(5116,7,'2025-06-06',31.01,31.27,29.78,31.19,14295500,31.19,31.19,31.19,31.19,14295500,0.34),(5117,7,'2025-06-09',32.28,36.66,32.25,34.82,34436400,34.82,34.82,34.82,34.82,34436400,3.63),(5118,7,'2025-06-10',35.18,36.30,34.21,35.71,21288700,35.71,35.71,35.71,35.71,21288700,0.89),(5119,7,'2025-06-11',35.72,36.98,35.33,36.47,12905900,36.47,36.47,36.47,36.47,12905900,0.76),(5120,7,'2025-06-12',35.96,37.74,35.81,36.92,9926900,36.92,36.92,36.92,36.92,9926900,0.45),(5121,7,'2025-06-13',36.24,41.13,36.20,38.37,22908900,38.37,38.37,38.37,38.37,22908900,1.45),(5122,7,'2025-06-16',39.26,42.93,38.76,41.91,17820800,41.91,41.91,41.91,41.91,17820800,3.54),(5123,7,'2025-06-17',40.71,41.60,38.82,40.10,12867300,40.10,40.10,40.10,40.10,12867300,-1.81),(5124,7,'2025-06-18',41.31,44.71,40.89,44.35,21257500,44.35,44.35,44.35,44.35,21257500,4.25),(5125,7,'2025-06-20',45.65,48.94,45.15,45.94,23527900,45.94,45.94,45.94,45.94,23527900,1.59),(5126,7,'2025-06-23',43.74,50.41,43.02,50.20,21470900,50.20,50.20,50.20,50.20,21470900,4.26),(5127,7,'2025-06-24',50.43,54.05,49.22,53.22,20033600,53.22,53.22,53.22,53.22,20033600,3.02),(5128,7,'2025-06-25',50.50,52.85,48.76,49.97,23977600,49.97,49.97,49.97,49.97,23977600,-3.25),(5129,7,'2025-06-26',50.87,53.38,49.68,50.62,14220000,50.62,50.62,50.62,50.62,14220000,0.65),(5130,7,'2025-06-27',51.81,53.35,49.25,49.36,31720800,49.36,49.36,49.36,49.36,31720800,-1.26),(5131,7,'2025-06-30',50.20,50.38,46.20,46.73,13635300,46.73,46.73,46.73,46.73,13635300,-2.63),(5132,7,'2025-07-01',46.50,46.67,44.36,45.11,8324700,45.11,45.11,45.11,45.11,8324700,-1.62),(5133,7,'2025-07-02',45.17,46.07,43.86,45.71,8698000,45.71,45.71,45.71,45.71,8698000,0.60),(5134,7,'2025-07-03',47.40,48.32,45.28,45.60,6101700,45.60,45.60,45.60,45.60,6101700,-0.11),(5135,7,'2025-07-07',46.15,46.93,44.03,45.69,8221700,45.69,45.69,45.69,45.69,8221700,0.09),(5136,7,'2025-07-08',46.06,47.34,44.73,45.46,8476300,45.46,45.46,45.46,45.46,8476300,-0.23),(5137,7,'2025-07-09',45.53,45.63,42.44,42.50,10495000,42.50,42.50,42.50,42.50,10495000,-2.96),(5138,7,'2025-07-10',43.28,45.35,42.76,43.97,8656300,43.97,43.97,43.97,43.97,8656300,1.47),(5139,7,'2025-07-11',43.48,47.72,43.31,45.58,13402100,45.58,45.58,45.58,45.58,13402100,1.61),(5140,7,'2025-07-14',45.33,48.69,44.35,47.86,12149400,47.86,47.86,47.86,47.86,12149400,2.28),(5141,7,'2025-07-15',48.29,51.44,47.20,51.12,13927000,51.12,51.12,51.12,51.12,13927000,3.26),(5142,7,'2025-07-16',51.68,52.69,49.53,52.63,10414200,52.63,52.63,52.63,52.63,10414200,1.51),(5143,7,'2025-07-17',52.71,58.03,52.60,57.45,15791600,57.45,57.45,57.45,57.45,15791600,4.82),(5144,7,'2025-07-18',56.06,58.08,55.21,57.98,7966400,57.98,57.98,57.98,57.98,7966400,0.53),(5145,7,'2025-07-21',59.74,60.95,56.36,56.67,12415700,56.67,56.67,56.67,56.67,12415700,-1.31),(5146,7,'2025-07-22',55.68,57.56,51.21,57.09,13718500,57.09,57.09,57.09,57.09,13718500,0.42),(5147,7,'2025-07-23',58.14,60.28,56.21,58.92,9828300,58.92,58.92,58.92,58.92,9828300,1.83),(5148,7,'2025-07-24',58.92,60.54,57.78,60.06,9373500,60.06,60.06,60.06,60.06,9373500,1.14),(5149,7,'2025-07-25',56.25,56.80,53.03,54.33,25294500,54.33,54.33,54.33,54.33,25294500,-5.73),(5150,7,'2025-07-28',55.04,55.57,53.50,54.22,8080300,54.22,54.22,54.22,54.22,8080300,-0.11),(5151,7,'2025-07-29',53.92,54.04,51.30,53.09,8490900,53.09,53.09,53.09,53.09,8490900,-1.13),(5152,7,'2025-07-30',53.60,55.78,53.23,54.29,7964500,54.29,54.29,54.29,54.29,7964500,1.20),(5153,7,'2025-07-31',54.49,55.47,52.93,53.17,6626200,53.17,53.17,53.17,53.17,6626200,-1.12),(5154,7,'2025-08-01',50.90,54.58,49.72,52.46,9130700,52.46,52.46,52.46,52.46,9130700,-0.71),(5155,7,'2025-08-04',51.23,52.75,49.91,51.38,9022100,51.38,51.38,51.38,51.38,9022100,-1.08),(5156,7,'2025-08-05',51.71,52.80,49.93,52.57,6287600,52.57,52.57,52.57,52.57,6287600,1.19),(5157,7,'2025-08-06',54.14,54.96,51.40,51.79,6366500,51.79,51.79,51.79,51.79,6366500,-0.78),(5158,7,'2025-08-07',52.03,52.12,47.17,47.71,11892600,47.71,47.71,47.71,47.71,11892600,-4.08),(5159,7,'2025-08-08',48.00,48.88,46.30,46.63,7173200,46.63,46.63,46.63,46.63,7173200,-1.08),(5160,7,'2025-08-11',46.25,47.81,45.46,45.92,9531500,45.92,45.92,45.92,45.92,9531500,-0.71),(5161,7,'2025-08-12',51.24,55.50,49.50,49.76,21541100,49.76,49.76,49.76,49.76,21541100,3.84),(5162,7,'2025-08-13',50.49,50.65,47.12,50.05,9534600,50.05,50.05,50.05,50.05,9534600,0.29),(5163,7,'2025-08-14',50.32,51.95,47.50,48.50,11624400,48.50,48.50,48.50,48.50,11624400,-1.55),(5164,7,'2025-08-15',48.92,48.98,47.53,48.08,4503100,48.08,48.08,48.08,48.08,4503100,-0.42),(5165,7,'2025-08-18',48.24,50.50,47.40,48.16,9732800,48.16,48.16,48.16,48.16,9732800,0.08),(5166,7,'2025-08-19',47.74,48.40,44.88,44.95,8960000,44.95,44.95,44.95,44.95,8960000,-3.21),(5167,7,'2025-08-20',44.25,45.25,42.00,45.08,7116700,45.08,45.08,45.08,45.08,7116700,0.13),(5168,7,'2025-08-21',44.33,45.17,43.61,44.98,3531100,44.98,44.98,44.98,44.98,3531100,-0.10),(5169,7,'2025-08-22',44.93,47.47,44.19,47.07,6555600,47.07,47.07,47.07,47.07,6555600,2.09),(5170,7,'2025-08-25',47.84,51.32,47.18,50.01,10504500,50.01,50.01,50.01,50.01,10504500,2.94),(5171,7,'2025-08-26',51.13,53.20,50.13,50.43,8474700,50.43,50.43,50.43,50.43,8474700,0.42),(5172,7,'2025-08-27',50.50,50.66,48.19,48.25,6266800,48.25,48.25,48.25,48.25,6266800,-2.18),(5173,7,'2025-08-28',48.57,49.39,47.14,48.95,4547100,48.95,48.95,48.95,48.95,4547100,0.70),(5174,7,'2025-08-29',48.58,49.06,46.76,48.94,5184300,48.94,48.94,48.94,48.94,5184300,-0.01),(5175,7,'2025-09-02',48.17,50.44,47.10,48.76,6716200,48.76,48.76,48.76,48.76,6716200,-0.18),(5176,7,'2025-09-03',49.07,49.40,45.19,45.22,6279300,45.22,45.22,45.22,45.22,6279300,-3.54),(5177,7,'2025-09-04',45.40,45.72,41.05,41.86,14376200,41.86,41.86,41.86,41.86,14376200,-3.36),(5178,7,'2025-09-05',42.57,43.12,41.65,42.41,7066800,42.41,42.41,42.41,42.41,7066800,0.55),(5179,7,'2025-09-08',36.91,40.94,36.50,40.77,20364000,40.77,40.77,40.77,40.77,20364000,-1.64),(5180,7,'2025-09-09',39.59,39.67,36.08,36.91,22533600,36.91,36.91,36.91,36.91,22533600,-3.86),(5181,7,'2025-09-10',38.10,38.10,36.94,37.58,9110300,37.58,37.58,37.58,37.58,9110300,0.67),(5182,7,'2025-09-11',37.71,39.05,37.18,38.37,7983500,38.37,38.37,38.37,38.37,7983500,0.79),(5183,7,'2025-09-12',38.59,39.21,37.73,38.72,7606600,38.72,38.72,38.72,38.72,7606600,0.35),(5184,7,'2025-09-15',40.27,41.51,39.85,40.97,10141300,40.97,40.97,40.97,40.97,10141300,2.25),(5185,7,'2025-09-16',41.00,41.61,39.88,40.43,8576100,40.43,40.43,40.43,40.43,8576100,-0.54),(5186,7,'2025-09-17',40.28,41.97,39.50,41.19,8383500,41.19,41.19,41.19,41.19,8383500,0.76),(5187,7,'2025-09-18',41.93,42.17,40.15,41.44,9240200,41.44,41.44,41.44,41.44,9240200,0.25),(5188,7,'2025-09-19',41.98,46.08,41.87,45.10,20745000,45.10,45.10,45.10,45.10,20745000,3.66),(5189,7,'2025-09-22',46.76,48.93,45.22,48.85,13639000,48.85,48.85,48.85,48.85,13639000,3.75),(5190,7,'2025-09-23',48.90,56.39,48.61,54.80,25744700,54.80,54.80,54.80,54.80,25744700,5.95),(5191,7,'2025-09-24',54.98,56.73,53.11,54.50,11419100,54.50,54.50,54.50,54.50,11419100,-0.30),(5192,7,'2025-09-25',51.65,51.98,48.02,49.39,11994300,49.39,49.39,49.39,49.39,11994300,-5.11),(5193,7,'2025-09-26',50.21,51.48,48.11,49.09,8196300,49.09,49.09,49.09,49.09,8196300,-0.30),(5194,7,'2025-09-29',49.96,52.38,47.82,48.84,9966800,48.84,48.84,48.84,48.84,9966800,-0.25),(5195,7,'2025-09-30',48.57,49.72,47.50,49.08,7575600,49.08,49.08,49.08,49.08,7575600,0.24),(5196,7,'2025-10-01',53.51,57.19,50.82,56.94,20062000,56.94,56.94,56.94,56.94,20062000,7.86),(5197,7,'2025-10-02',58.53,66.83,57.41,66.16,30170800,66.16,66.16,66.16,66.16,30170800,9.22),(5198,7,'2025-10-03',65.66,68.80,64.10,67.76,16702100,67.76,67.76,67.76,67.76,16702100,1.60),(5199,7,'2025-10-06',69.17,74.77,68.70,72.90,16423000,72.90,72.90,72.90,72.90,16423000,5.14),(5200,7,'2025-10-07',67.41,76.00,67.28,74.75,18223700,74.75,74.75,74.75,74.75,18223700,1.85),(5201,7,'2025-10-08',84.81,91.41,79.82,81.20,43321700,81.20,81.20,81.20,81.20,43321700,6.45),(5202,7,'2025-10-09',80.71,88.68,80.61,86.79,19481100,86.79,86.79,86.79,86.79,19481100,5.59),(5203,7,'2025-10-10',89.80,90.65,81.93,82.03,19061600,82.03,82.03,82.03,82.03,19061600,-4.76),(5204,7,'2025-10-13',86.65,92.07,83.00,90.50,13193700,90.50,90.50,90.50,90.50,13193700,8.47),(5205,7,'2025-10-14',88.69,99.13,85.30,94.50,17398200,94.50,94.50,94.50,94.50,17398200,4.00),(5206,7,'2025-10-15',98.79,99.82,93.14,95.69,14439800,95.69,95.69,95.69,95.69,14439800,1.19),(5207,7,'2025-10-16',95.00,102.79,88.93,89.50,17129900,89.50,89.50,89.50,89.50,17129900,-6.19),(5208,7,'2025-10-17',83.37,87.50,80.85,83.49,14344700,83.49,83.49,83.49,83.49,14344700,-6.01),(5209,7,'2025-10-20',86.43,89.64,81.70,82.81,9307500,82.81,82.81,82.81,82.81,9307500,-0.68),(5210,7,'2025-10-21',81.50,82.47,76.33,78.61,9343800,78.61,78.61,78.61,78.61,9343800,-4.20),(5211,7,'2025-10-22',72.05,72.70,66.67,71.35,27581500,71.35,71.35,71.35,71.35,27581500,-7.26),(5212,7,'2025-10-23',71.88,74.26,70.81,71.72,13561200,71.72,71.72,71.72,71.72,13561200,0.37),(5213,7,'2025-10-24',74.00,74.26,72.32,73.70,9278000,73.70,73.70,73.70,73.70,9278000,1.98),(5214,7,'2025-10-27',76.00,79.85,74.50,79.45,11419400,79.45,79.45,79.45,79.45,11419400,5.75),(5215,7,'2025-10-28',80.59,81.29,76.45,77.77,9350900,77.77,77.77,77.77,77.77,9350900,-1.68),(5216,7,'2025-10-29',83.31,84.00,77.01,80.06,14772500,80.06,80.06,80.06,80.06,14772500,2.29),(5217,7,'2025-10-30',78.23,80.48,74.50,76.68,9093200,76.68,76.68,76.68,76.68,9093200,-3.38),(5218,7,'2025-10-31',77.85,80.93,77.63,80.25,7889700,80.25,80.25,80.25,80.25,7889700,3.57),(5219,7,'2025-11-03',80.36,80.36,71.00,71.14,11835900,71.14,71.14,71.14,71.14,11835900,-9.11),(5220,7,'2025-11-04',67.81,71.95,67.10,70.05,8470700,70.05,70.05,70.05,70.05,8470700,-1.09),(5221,7,'2025-11-05',69.77,71.81,68.07,70.38,5786200,70.38,70.38,70.38,70.38,5786200,0.33),(5222,7,'2025-11-06',68.82,70.20,65.04,65.28,7899900,65.28,65.28,65.28,65.28,7899900,-5.10),(5223,7,'2025-11-07',64.21,69.99,61.89,69.19,9078600,69.19,69.19,69.19,69.19,9078600,3.91),(5224,7,'2025-11-10',71.31,72.36,67.00,68.70,9248800,68.70,68.70,68.70,68.70,9248800,-0.49),(5225,7,'2025-11-11',67.87,71.50,66.86,67.89,12464900,67.89,67.89,67.89,67.89,12464900,-0.81),(5226,7,'2025-11-12',68.19,70.68,64.40,64.49,9075100,64.49,64.49,64.49,64.49,9075100,-3.40),(5227,7,'2025-11-13',64.04,65.30,59.87,61.44,9721700,61.44,61.44,61.44,61.44,9721700,-3.05),(5228,7,'2025-11-14',58.66,64.84,57.92,61.40,10028300,61.40,61.40,61.40,61.40,10028300,-0.04),(5229,7,'2025-11-17',60.56,61.98,56.16,56.60,9462500,56.60,56.60,56.60,56.60,9462500,-4.80),(5230,7,'2025-11-18',55.91,59.40,54.67,58.22,9242600,58.22,58.22,58.22,58.22,9242600,1.62),(5231,7,'2025-11-19',58.91,61.75,57.48,58.01,11245900,58.01,58.01,58.01,58.01,11245900,-0.21),(5232,7,'2025-11-20',61.38,61.60,50.30,50.70,13503900,50.70,50.70,50.70,50.70,13503900,-7.31),(5233,7,'2025-11-21',53.01,53.71,49.31,51.37,13380400,51.37,51.37,51.37,51.37,13380400,0.67),(5234,7,'2025-11-24',53.00,55.49,51.50,55.00,10180100,55.00,55.00,55.00,55.00,10180100,3.63),(5235,7,'2025-11-25',55.24,56.00,52.32,55.51,10159500,55.51,55.51,55.51,55.51,10159500,0.51),(5236,7,'2025-11-26',56.40,57.48,55.51,55.52,5989800,55.52,55.52,55.52,55.52,5989800,0.01),(5237,7,'2025-11-28',56.67,57.81,55.80,56.20,4225700,56.20,56.20,56.20,56.20,4225700,0.68),(5238,7,'2025-12-01',54.35,54.39,52.20,52.61,6791000,52.61,52.61,52.61,52.61,6791000,-3.59),(5239,7,'2025-12-02',53.22,57.86,53.08,56.89,8894200,56.89,56.89,56.89,56.89,8894200,4.28),(5240,7,'2025-12-03',57.58,61.88,56.15,61.44,12026600,61.44,61.44,61.44,61.44,12026600,4.55),(5241,7,'2025-12-04',62.22,73.85,61.55,72.65,24714900,72.65,72.65,72.65,72.65,24714900,11.21),(5242,7,'2025-12-05',71.40,75.14,70.60,73.92,13620200,73.92,73.92,73.92,73.92,13620200,1.27),(5243,7,'2025-12-08',74.99,76.79,70.75,74.00,11465000,74.00,74.00,74.00,74.00,11465000,0.08),(5244,7,'2025-12-09',73.28,74.75,69.82,72.84,11159000,72.84,72.84,72.84,72.84,11159000,-1.16),(5245,7,'2025-12-10',72.75,80.29,70.90,79.05,14564300,79.05,79.05,79.05,79.05,14564300,6.21),(5246,7,'2025-12-11',78.32,85.45,76.74,84.75,14746400,84.75,84.75,84.75,84.75,14746400,5.70),(5247,7,'2025-12-12',83.02,84.61,74.51,76.70,19675400,76.70,76.70,76.70,76.70,19675400,-8.05),(5248,7,'2025-12-15',77.24,77.69,67.53,67.81,16392600,67.81,67.81,67.81,67.81,16392600,-8.89),(5249,7,'2025-12-16',65.61,68.88,65.25,68.37,10994200,68.37,68.37,68.37,68.37,10994200,0.56),(5250,7,'2025-12-17',70.02,70.39,61.40,61.86,12569100,61.86,61.86,61.86,61.86,12569100,-6.51),(5251,7,'2025-12-18',65.20,67.68,64.01,65.93,12951400,65.93,65.93,65.93,65.93,12951400,4.07),(5252,7,'2025-12-19',67.72,76.44,67.32,75.84,20293400,75.84,75.84,75.84,75.84,20293400,9.91),(5253,7,'2025-12-22',79.66,87.03,77.92,86.48,18741400,86.48,86.48,86.48,86.48,18741400,10.64),(5254,7,'2025-12-23',82.23,87.75,81.98,85.67,18077400,85.67,85.67,85.67,85.67,18077400,-0.81),(5255,7,'2025-12-24',89.95,92.95,77.65,78.05,26238200,78.05,78.05,78.05,78.05,26238200,-7.62),(5256,7,'2025-12-26',77.00,77.40,71.03,71.95,19573200,71.95,71.95,71.95,71.95,19573200,-6.10),(5257,7,'2025-12-29',70.64,74.89,69.69,71.47,14202000,71.47,71.47,71.47,71.47,14202000,-0.48),(5258,7,'2025-12-30',72.36,78.35,72.04,74.68,17385300,74.68,74.68,74.68,74.68,17385300,3.21),(5259,7,'2025-12-31',75.00,75.50,71.61,72.63,10438000,72.63,72.63,72.63,72.63,10438000,-2.05),(5260,7,'2026-01-02',74.34,83.76,69.25,83.47,19106700,83.47,83.47,83.47,83.47,19106700,10.84),(5261,7,'2026-01-05',82.03,92.45,80.88,90.92,20610000,90.92,90.92,90.92,90.92,20610000,7.45),(5262,7,'2026-01-06',90.90,97.94,90.19,97.49,18215500,97.49,97.49,97.49,97.49,18215500,6.57),(5263,7,'2026-01-07',91.05,95.34,83.91,85.73,24433800,85.73,85.73,85.73,85.73,24433800,-11.76),(5264,7,'2026-01-08',88.63,93.99,86.85,90.56,14773600,90.56,90.56,90.56,90.56,14773600,4.83),(5265,7,'2026-01-09',90.30,101.68,90.15,97.67,24430300,97.67,97.67,97.67,97.67,24430300,7.11),(5266,7,'2026-01-12',95.44,101.29,93.51,98.39,13268900,98.39,98.39,98.39,98.39,13268900,0.72),(5267,7,'2026-01-13',96.74,98.28,91.63,92.72,11662600,92.72,92.72,92.72,92.72,11662600,-5.67),(5268,7,'2026-01-14',91.33,95.45,88.75,95.22,11702600,95.22,95.22,95.22,95.22,11702600,2.50),(5269,7,'2026-01-15',94.61,104.80,92.05,101.25,17604500,101.25,101.25,101.25,101.25,17604500,6.03),(5270,7,'2026-01-16',107.26,120.80,106.30,115.77,33680200,115.77,115.77,115.77,115.77,33680200,14.52),(5271,7,'2026-01-20',113.10,119.89,111.03,112.44,18437700,112.44,112.44,112.44,112.44,18437700,-3.33),(5272,7,'2026-01-21',116.60,120.93,96.93,103.50,25915500,103.50,103.50,103.50,103.50,25915500,-8.94),(5273,7,'2026-01-22',109.68,120.09,105.80,116.37,19503100,116.37,116.37,116.37,116.37,19503100,12.87),(5274,7,'2026-01-23',115.53,119.00,111.25,113.57,11516400,113.57,113.57,113.57,113.57,11516400,-2.80),(6279,8,'2025-01-24',27.94,28.08,27.81,27.91,13750100,27.91,27.91,27.91,27.91,13750100,0.00),(6280,8,'2025-01-27',27.50,27.74,27.05,27.46,22691500,27.46,27.46,27.46,27.46,22691500,0.00),(6281,8,'2025-01-28',27.53,27.76,27.39,27.63,15636500,27.63,27.63,27.63,27.63,15636500,0.17),(6282,8,'2025-01-29',28.06,28.21,27.85,28.00,28857800,28.00,28.00,28.00,28.00,28857800,0.37),(6283,8,'2025-01-30',28.65,28.90,28.53,28.72,38787700,28.72,28.72,28.72,28.72,38787700,0.72),(6284,8,'2025-01-31',28.77,28.85,28.39,28.51,26107000,28.51,28.51,28.51,28.51,26107000,-0.21),(6285,8,'2025-02-03',28.55,28.85,28.20,28.67,31728900,28.67,28.67,28.67,28.67,31728900,0.16),(6286,8,'2025-02-04',29.11,29.48,29.02,29.22,41977300,29.22,29.22,29.22,29.22,41977300,0.55),(6287,8,'2025-02-05',29.36,29.63,29.31,29.35,34873700,29.35,29.35,29.35,29.35,34873700,0.13),(6288,8,'2025-02-06',29.24,29.41,28.91,29.38,17723200,29.38,29.38,29.38,29.38,17723200,0.03),(6289,8,'2025-02-07',29.57,29.74,28.94,29.03,26954000,29.03,29.03,29.03,29.03,26954000,-0.35),(6290,8,'2025-02-10',29.15,29.36,29.08,29.20,14171300,29.20,29.20,29.20,29.20,14171300,0.17),(6291,8,'2025-02-11',28.86,29.11,28.82,29.00,13779100,29.00,29.00,29.00,29.00,13779100,-0.20),(6292,8,'2025-02-12',29.20,29.47,29.07,29.34,16716600,29.34,29.34,29.34,29.34,16716600,0.34),(6293,8,'2025-02-13',29.19,29.48,29.12,29.46,17030700,29.46,29.46,29.46,29.46,17030700,0.12),(6294,8,'2025-02-14',30.24,30.28,29.20,29.31,34965900,29.31,29.31,29.31,29.31,34965900,-0.15),(6295,8,'2025-02-18',29.62,29.96,29.57,29.91,20511100,29.91,29.91,29.91,29.91,20511100,0.60),(6296,8,'2025-02-19',29.75,29.84,29.53,29.81,13660600,29.81,29.81,29.81,29.81,13660600,-0.10),(6297,8,'2025-02-20',29.98,30.13,29.88,29.95,15420400,29.95,29.95,29.95,29.95,15420400,0.14),(6298,8,'2025-02-21',30.02,30.03,29.58,29.59,15515800,29.59,29.59,29.59,29.59,15515800,-0.36),(6299,8,'2025-02-24',29.57,29.62,29.21,29.44,13995200,29.44,29.44,29.44,29.44,13995200,-0.15),(6300,8,'2025-02-25',29.17,29.30,28.47,28.83,22142400,28.83,28.83,28.83,28.83,22142400,-0.61),(6301,8,'2025-02-26',28.78,29.10,28.66,28.94,10231000,28.94,28.94,28.94,28.94,10231000,0.11),(6302,8,'2025-02-27',28.94,28.94,28.38,28.40,16680000,28.40,28.40,28.40,28.40,16680000,-0.54),(6303,8,'2025-02-28',28.18,28.40,28.04,28.31,13692000,28.31,28.31,28.31,28.31,13692000,-0.09),(6304,8,'2025-03-03',28.86,28.99,28.66,28.75,16522000,28.75,28.75,28.75,28.75,16522000,0.44),(6305,8,'2025-03-04',29.04,29.14,28.64,29.00,13767900,29.00,29.00,29.00,29.00,13767900,0.25),(6306,8,'2025-03-05',29.23,29.78,29.21,29.77,25486300,29.77,29.77,29.77,29.77,25486300,0.77),(6307,8,'2025-03-06',29.50,29.83,29.47,29.69,16888500,29.69,29.69,29.69,29.69,16888500,-0.08),(6308,8,'2025-03-07',29.39,29.68,29.22,29.59,18786400,29.59,29.59,29.59,29.59,18786400,-0.10),(6309,8,'2025-03-10',29.56,29.58,29.06,29.11,15889000,29.11,29.11,29.11,29.11,15889000,-0.48),(6310,8,'2025-03-11',29.59,30.02,29.58,29.96,23227800,29.96,29.96,29.96,29.96,23227800,0.85),(6311,8,'2025-03-12',30.02,30.34,29.94,30.22,18764800,30.22,30.22,30.22,30.22,18764800,0.26),(6312,8,'2025-03-13',30.20,30.90,30.13,30.74,37624000,30.74,30.74,30.74,30.74,37624000,0.52),(6313,8,'2025-03-14',30.91,30.93,30.51,30.71,23520700,30.71,30.71,30.71,30.71,23520700,-0.03),(6314,8,'2025-03-17',30.42,30.85,30.42,30.81,20973700,30.81,30.81,30.81,30.81,20973700,0.10),(6315,8,'2025-03-18',31.10,31.15,30.82,30.85,20424600,30.85,30.85,30.85,30.85,20424600,0.04),(6316,8,'2025-03-19',30.68,30.88,30.45,30.75,23258500,30.75,30.75,30.75,30.75,23258500,-0.10),(6317,8,'2025-03-20',30.27,30.54,30.23,30.50,12842100,30.50,30.50,30.50,30.50,12842100,-0.25),(6318,8,'2025-03-21',30.21,30.25,29.72,30.02,17198900,30.02,30.02,30.02,30.02,17198900,-0.48),(6319,8,'2025-03-24',30.13,30.24,29.92,29.96,17493700,29.96,29.96,29.96,29.96,17493700,-0.06),(6320,8,'2025-03-25',30.55,30.76,30.52,30.58,19168000,30.58,30.58,30.58,30.58,19168000,0.62),(6321,8,'2025-03-26',30.71,30.76,30.48,30.53,13616800,30.53,30.53,30.53,30.53,13616800,-0.05),(6322,8,'2025-03-27',30.77,31.38,30.68,31.32,34298400,31.32,31.32,31.32,31.32,34298400,0.79),(6323,8,'2025-03-28',31.39,31.41,30.86,31.00,25160200,31.00,31.00,31.00,31.00,25160200,-0.32),(6324,8,'2025-03-31',30.77,31.02,30.48,30.99,18403300,30.99,30.99,30.99,30.99,18403300,-0.01),(6325,8,'2025-04-01',30.87,30.91,30.44,30.63,22261800,30.63,30.63,30.63,30.63,22261800,-0.36),(6326,8,'2025-04-02',30.74,30.97,30.64,30.76,20976600,30.76,30.76,30.76,30.76,20976600,0.13),(6327,8,'2025-04-03',28.95,29.51,28.86,28.89,46008100,28.89,28.89,28.89,28.89,46008100,-1.87),(6328,8,'2025-04-04',27.96,28.02,26.57,27.08,73174500,27.08,27.08,27.08,27.08,73174500,-1.81),(6329,8,'2025-04-07',27.30,27.84,26.92,27.14,37531600,27.14,27.14,27.14,27.14,37531600,0.06),(6330,8,'2025-04-08',27.63,27.78,26.96,27.14,19629400,27.14,27.14,27.14,27.14,19629400,0.00),(6331,8,'2025-04-09',27.61,28.24,27.45,28.06,38180100,28.06,28.06,28.06,28.06,38180100,0.92),(6332,8,'2025-04-10',28.11,28.42,27.81,28.28,23059800,28.28,28.28,28.28,28.28,23059800,0.22),(6333,8,'2025-04-11',28.79,29.37,28.68,29.19,36908500,29.19,29.19,29.19,29.19,36908500,0.91),(6334,8,'2025-04-14',29.10,29.46,28.88,29.38,29268900,29.38,29.38,29.38,29.38,29268900,0.19),(6335,8,'2025-04-15',29.36,29.46,29.20,29.41,24273700,29.41,29.41,29.41,29.41,24273700,0.03),(6336,8,'2025-04-16',29.85,30.02,29.70,29.76,21282500,29.76,29.76,29.76,29.76,21282500,0.35),(6337,8,'2025-04-17',29.54,29.69,29.17,29.55,13649400,29.55,29.55,29.55,29.55,13649400,-0.21),(6338,8,'2025-04-21',29.95,30.01,29.55,29.79,17295400,29.79,29.79,29.79,29.79,17295400,0.24),(6339,8,'2025-04-22',29.79,30.15,29.50,29.50,27253600,29.50,29.50,29.50,29.50,27253600,-0.29),(6340,8,'2025-04-23',29.81,30.62,29.71,30.56,31975000,30.56,30.56,30.56,30.56,31975000,1.06),(6341,8,'2025-04-24',30.31,30.59,30.13,30.56,15405500,30.56,30.56,30.56,30.56,15405500,0.00),(6342,8,'2025-04-25',29.96,30.10,29.79,30.05,19326000,30.05,30.05,30.05,30.05,19326000,-0.51),(6343,8,'2025-04-28',30.08,30.20,29.83,30.19,18288000,30.19,30.19,30.19,30.19,18288000,0.14),(6344,8,'2025-04-29',30.45,30.50,29.82,29.83,24967300,29.83,29.83,29.83,29.83,24967300,-0.36),(6345,8,'2025-04-30',29.68,29.81,29.44,29.60,22126700,29.60,29.60,29.60,29.60,22126700,-0.23),(6346,8,'2025-05-01',29.41,29.55,29.17,29.39,14830500,29.39,29.39,29.39,29.39,14830500,-0.21),(6347,8,'2025-05-02',29.62,29.65,29.04,29.12,14040900,29.12,29.12,29.12,29.12,14040900,-0.27),(6348,8,'2025-05-05',29.55,29.56,29.25,29.48,10052300,29.48,29.48,29.48,29.48,10052300,0.36),(6349,8,'2025-05-06',30.20,30.24,30.00,30.22,17870800,30.22,30.22,30.22,30.22,17870800,0.74),(6350,8,'2025-05-07',29.77,29.87,29.32,29.49,14080800,29.49,29.49,29.49,29.49,14080800,-0.73),(6351,8,'2025-05-08',29.60,29.78,29.36,29.46,13209300,29.46,29.46,29.46,29.46,13209300,-0.03),(6352,8,'2025-05-09',29.70,29.89,29.65,29.80,8963000,29.80,29.80,29.80,29.80,8963000,0.34),(6353,8,'2025-05-12',29.67,29.74,29.43,29.63,14642000,29.63,29.63,29.63,29.63,14642000,-0.17),(6354,8,'2025-05-13',29.69,30.01,29.61,29.93,13094100,29.93,29.93,29.93,29.93,13094100,0.30),(6355,8,'2025-05-14',29.43,29.51,29.16,29.25,14048500,29.25,29.25,29.25,29.25,14048500,-0.68),(6356,8,'2025-05-15',29.25,29.62,29.18,29.61,10062200,29.61,29.61,29.61,29.61,10062200,0.36),(6357,8,'2025-05-16',29.20,29.38,29.10,29.30,9275600,29.30,29.30,29.30,29.30,9275600,-0.31),(6358,8,'2025-05-19',29.43,29.53,29.31,29.42,11078100,29.42,29.42,29.42,29.42,11078100,0.12),(6359,8,'2025-05-20',29.53,30.13,29.50,30.13,14474100,30.13,30.13,30.13,30.13,14474100,0.71),(6360,8,'2025-05-21',30.18,30.53,30.10,30.51,19504900,30.51,30.51,30.51,30.51,19504900,0.38),(6361,8,'2025-05-22',30.01,30.11,29.78,30.03,15320500,30.03,30.03,30.03,30.03,15320500,-0.48),(6362,8,'2025-05-23',30.19,30.50,30.02,30.45,15098100,30.45,30.45,30.45,30.45,15098100,0.42),(6363,8,'2025-05-27',30.04,30.25,29.98,30.23,12301000,30.23,30.23,30.23,30.23,12301000,-0.22),(6364,8,'2025-05-28',30.15,30.23,29.96,29.98,11211700,29.98,29.98,29.98,29.98,11211700,-0.25),(6365,8,'2025-05-29',30.29,30.32,30.05,30.30,12160600,30.30,30.30,30.30,30.30,12160600,0.32),(6366,8,'2025-05-30',30.12,30.19,29.78,30.00,14305400,30.00,30.00,30.00,30.00,14305400,-0.30),(6367,8,'2025-06-02',30.85,31.60,30.72,31.59,37873300,31.59,31.59,31.59,31.59,37873300,1.59),(6368,8,'2025-06-03',31.27,31.47,31.07,31.44,23158800,31.44,31.44,31.44,31.44,23158800,-0.15),(6369,8,'2025-06-04',31.32,31.43,31.23,31.34,19730500,31.34,31.34,31.34,31.34,19730500,-0.10),(6370,8,'2025-06-05',32.63,32.78,32.09,32.45,51807500,32.45,32.45,32.45,32.45,51807500,1.11),(6371,8,'2025-06-06',32.92,32.98,32.55,32.69,30260200,32.69,32.69,32.69,32.69,30260200,0.24),(6372,8,'2025-06-09',33.10,33.54,33.00,33.39,33931400,33.39,33.39,33.39,33.39,33931400,0.70),(6373,8,'2025-06-10',33.31,33.36,33.01,33.23,29120900,33.23,33.23,33.23,33.23,29120900,-0.16),(6374,8,'2025-06-11',32.92,33.04,32.75,32.95,34712100,32.95,32.95,32.95,32.95,34712100,-0.28),(6375,8,'2025-06-12',32.85,33.06,32.79,33.06,21111600,33.06,33.06,33.06,33.06,21111600,0.11),(6376,8,'2025-06-13',33.02,33.06,32.79,32.97,21713100,32.97,32.97,32.97,32.97,21713100,-0.09),(6377,8,'2025-06-16',33.10,33.15,32.90,33.03,14883300,33.03,33.03,33.03,33.03,14883300,0.06),(6378,8,'2025-06-17',33.63,33.87,33.45,33.74,26824900,33.74,33.74,33.74,33.74,26824900,0.71),(6379,8,'2025-06-18',33.74,33.75,33.21,33.27,21945600,33.27,33.27,33.27,33.27,21945600,-0.47),(6380,8,'2025-06-20',32.78,32.79,32.57,32.72,25415200,32.72,32.72,32.72,32.72,25415200,-0.55),(6381,8,'2025-06-23',32.81,33.05,32.78,32.96,18661900,32.96,32.96,32.96,32.96,18661900,0.24),(6382,8,'2025-06-24',32.55,32.63,32.06,32.61,20982400,32.61,32.61,32.61,32.61,20982400,-0.35),(6383,8,'2025-06-25',32.53,33.01,32.49,33.01,12254300,33.01,33.01,33.01,33.01,12254300,0.40),(6384,8,'2025-06-26',33.13,33.37,33.00,33.34,15255200,33.34,33.34,33.34,33.34,15255200,0.33),(6385,8,'2025-06-27',32.56,32.90,32.53,32.62,17596300,32.62,32.62,32.62,32.62,17596300,-0.72),(6386,8,'2025-06-30',32.72,32.82,32.62,32.81,10565300,32.81,32.81,32.81,32.81,10565300,0.19),(6387,8,'2025-07-01',32.93,33.12,32.71,32.73,13436400,32.73,32.73,32.73,32.73,13436400,-0.08),(6388,8,'2025-07-02',33.03,33.24,32.93,33.24,13673500,33.24,33.24,33.24,33.24,13673500,0.51),(6389,8,'2025-07-03',33.42,33.55,33.29,33.51,10356200,33.51,33.51,33.51,33.51,10356200,0.27),(6390,8,'2025-07-07',33.06,33.44,33.02,33.43,12133000,33.43,33.43,33.43,33.43,12133000,-0.08),(6391,8,'2025-07-08',33.33,33.36,32.97,33.29,17473100,33.29,33.29,33.29,33.29,17473100,-0.14),(6392,8,'2025-07-09',33.09,33.14,32.96,33.00,17764100,33.00,33.00,33.00,33.00,17764100,-0.29),(6393,8,'2025-07-10',33.31,33.76,33.11,33.75,44301500,33.75,33.75,33.75,33.75,44301500,0.75),(6394,8,'2025-07-11',34.20,35.07,34.15,35.03,57917800,35.03,35.03,35.03,35.03,57917800,1.28),(6395,8,'2025-07-14',35.22,35.29,34.61,34.63,40685400,34.63,34.63,34.63,34.63,40685400,-0.40),(6396,8,'2025-07-15',34.69,34.72,34.13,34.26,34082300,34.26,34.26,34.26,34.26,34082300,-0.37),(6397,8,'2025-07-16',34.39,34.57,34.05,34.41,26483200,34.41,34.41,34.41,34.41,26483200,0.15),(6398,8,'2025-07-17',34.30,34.68,34.17,34.65,14813500,34.65,34.65,34.65,34.65,14813500,0.24),(6399,8,'2025-07-18',34.79,34.86,34.60,34.61,18305300,34.61,34.61,34.61,34.61,18305300,-0.04),(6400,8,'2025-07-21',35.11,35.49,35.09,35.35,28710500,35.35,35.35,35.35,35.35,28710500,0.74),(6401,8,'2025-07-22',35.55,35.72,35.17,35.72,25205300,35.72,35.72,35.72,35.72,25205300,0.37),(6402,8,'2025-07-23',35.76,35.91,35.47,35.69,21882800,35.69,35.69,35.69,35.69,21882800,-0.03),(6403,8,'2025-07-24',35.36,35.55,35.24,35.49,11319800,35.49,35.49,35.49,35.49,11319800,-0.20),(6404,8,'2025-07-25',35.28,35.39,34.48,34.66,24958300,34.66,34.66,34.66,34.66,24958300,-0.83),(6405,8,'2025-07-28',34.65,34.69,34.43,34.64,16543400,34.64,34.64,34.64,34.64,16543400,-0.02),(6406,8,'2025-07-29',34.64,34.78,34.48,34.66,10705700,34.66,34.66,34.66,34.66,10705700,0.02),(6407,8,'2025-07-30',34.12,34.30,33.40,33.51,35325600,33.51,33.51,33.51,33.51,35325600,-1.15),(6408,8,'2025-07-31',33.30,33.35,33.10,33.32,15454400,33.32,33.32,33.32,33.32,15454400,-0.19),(6409,8,'2025-08-01',33.76,33.77,33.39,33.59,16787200,33.59,33.59,33.59,33.59,16787200,0.27),(6410,8,'2025-08-04',33.93,34.05,33.85,33.98,9725800,33.98,33.98,33.98,33.98,9725800,0.39),(6411,8,'2025-08-05',34.01,34.41,33.99,34.35,16451200,34.35,34.35,34.35,34.35,16451200,0.37),(6412,8,'2025-08-06',34.39,34.47,34.29,34.35,8747600,34.35,34.35,34.35,34.35,8747600,0.00),(6413,8,'2025-08-07',34.85,34.99,34.52,34.76,21996100,34.76,34.76,34.76,34.76,21996100,0.41),(6414,8,'2025-08-08',34.78,34.89,34.51,34.88,15786100,34.88,34.88,34.88,34.88,15786100,0.12),(6415,8,'2025-08-11',34.34,34.43,34.18,34.18,10749300,34.18,34.18,34.18,34.18,10749300,-0.70),(6416,8,'2025-08-12',34.24,34.53,34.11,34.41,12098000,34.41,34.41,34.41,34.41,12098000,0.23),(6417,8,'2025-08-13',34.87,35.04,34.85,35.00,13185600,35.00,35.00,35.00,35.00,13185600,0.59),(6418,8,'2025-08-14',34.65,34.75,34.35,34.50,15819700,34.50,34.50,34.50,34.50,15819700,-0.50),(6419,8,'2025-08-15',34.34,34.52,34.22,34.50,13881700,34.50,34.50,34.50,34.50,13881700,0.00),(6420,8,'2025-08-18',34.66,34.68,34.47,34.55,8670800,34.55,34.55,34.55,34.55,8670800,0.05),(6421,8,'2025-08-19',34.47,34.54,33.85,33.87,18812900,33.87,33.87,33.87,33.87,18812900,-0.68),(6422,8,'2025-08-20',34.21,34.45,34.20,34.43,10903400,34.43,34.43,34.43,34.43,10903400,0.56),(6423,8,'2025-08-21',34.48,34.69,34.45,34.61,10597900,34.61,34.61,34.61,34.61,10597900,0.18),(6424,8,'2025-08-22',34.46,35.47,34.40,35.34,26003300,35.34,35.34,35.34,35.34,26003300,0.73),(6425,8,'2025-08-25',35.07,35.35,35.02,35.02,10286400,35.02,35.02,35.02,35.02,10286400,-0.32),(6426,8,'2025-08-26',34.90,35.10,34.88,35.02,13836600,35.02,35.02,35.02,35.02,13836600,0.00),(6427,8,'2025-08-27',34.73,35.08,34.61,34.99,10084200,34.99,34.99,34.99,34.99,10084200,-0.03),(6428,8,'2025-08-28',35.41,35.52,35.23,35.52,21079100,35.52,35.52,35.52,35.52,21079100,0.53),(6429,8,'2025-08-29',35.35,36.29,35.32,36.19,28952900,36.19,36.19,36.19,36.19,28952900,0.67),(6430,8,'2025-09-02',36.63,37.17,36.43,37.15,35875300,37.15,37.15,37.15,37.15,35875300,0.96),(6431,8,'2025-09-03',37.33,37.64,37.18,37.34,27291200,37.34,37.34,37.34,37.34,27291200,0.19),(6432,8,'2025-09-04',37.20,37.22,36.63,36.93,45258500,36.93,36.93,36.93,36.93,45258500,-0.41),(6433,8,'2025-09-05',37.41,37.60,36.97,37.21,25435500,37.21,37.21,37.21,37.21,25435500,0.28),(6434,8,'2025-09-08',37.57,37.83,37.36,37.51,25019700,37.51,37.51,37.51,37.51,25019700,0.30),(6435,8,'2025-09-09',37.43,37.58,37.01,37.18,24001200,37.18,37.18,37.18,37.18,24001200,-0.33),(6436,8,'2025-09-10',37.35,37.49,37.24,37.41,17743600,37.41,37.41,37.41,37.41,17743600,0.23),(6437,8,'2025-09-11',37.37,37.92,37.33,37.79,19051500,37.79,37.79,37.79,37.79,19051500,0.38),(6438,8,'2025-09-12',38.24,38.45,38.15,38.34,19902300,38.34,38.34,38.34,38.34,19902300,0.55),(6439,8,'2025-09-15',38.30,38.79,38.25,38.76,22225100,38.76,38.76,38.76,38.76,22225100,0.42),(6440,8,'2025-09-16',39.00,39.01,38.34,38.60,25319700,38.60,38.60,38.60,38.60,25319700,-0.16),(6441,8,'2025-09-17',38.04,38.34,37.35,37.79,31045500,37.79,37.79,37.79,37.79,31045500,-0.81),(6442,8,'2025-09-18',37.85,38.00,37.61,37.99,13289200,37.99,37.99,37.99,37.99,13289200,0.20),(6443,8,'2025-09-19',38.26,39.12,38.19,39.04,36776300,39.04,39.04,39.04,39.04,36776300,1.05),(6444,8,'2025-09-22',39.50,40.05,39.34,40.04,32055400,40.04,40.04,40.04,40.04,32055400,1.00),(6445,8,'2025-09-23',40.31,40.36,39.79,39.96,28492600,39.96,39.96,39.96,39.96,28492600,-0.08),(6446,8,'2025-09-24',40.13,40.16,39.64,39.82,31533200,39.82,39.82,39.82,39.82,31533200,-0.14),(6447,8,'2025-09-25',40.46,41.06,40.12,41.03,36395800,41.03,41.03,41.03,41.03,36395800,1.21),(6448,8,'2025-09-26',41.23,42.33,41.09,41.86,44578500,41.86,41.86,41.86,41.86,44578500,0.83),(6449,8,'2025-09-29',42.46,42.75,42.18,42.50,41290300,42.50,42.50,42.50,42.50,41290300,0.64),(6450,8,'2025-09-30',41.79,42.46,41.70,42.37,34884200,42.37,42.37,42.37,42.37,34884200,-0.13),(6451,8,'2025-10-01',43.03,43.40,42.87,42.91,44341800,42.91,42.91,42.91,42.91,44341800,0.54),(6452,8,'2025-10-02',43.57,43.59,41.66,42.53,58242300,42.53,42.53,42.53,42.53,58242300,-0.38),(6453,8,'2025-10-03',43.33,43.95,43.05,43.52,47523500,43.52,43.52,43.52,43.52,47523500,0.99),(6454,8,'2025-10-06',44.01,44.26,43.89,44.06,34114000,44.06,44.06,44.06,44.06,34114000,0.54),(6455,8,'2025-10-07',43.97,43.99,42.95,43.39,42769100,43.39,43.39,43.39,43.39,42769100,-0.67),(6456,8,'2025-10-08',44.43,45.01,44.28,44.56,59455700,44.56,44.56,44.56,44.56,59455700,1.17),(6457,8,'2025-10-09',46.27,46.35,42.81,44.71,110701700,44.71,44.71,44.71,44.71,110701700,0.15),(6458,8,'2025-10-10',45.48,46.00,44.88,45.43,67017000,45.43,45.43,45.43,45.43,67017000,0.72),(6459,8,'2025-10-13',46.94,47.44,46.58,47.26,57830400,47.26,47.26,47.26,47.26,57830400,1.83),(6460,8,'2025-10-14',45.99,47.26,45.77,46.80,57821500,46.80,46.80,46.80,46.80,57821500,-0.46),(6461,8,'2025-10-15',47.75,48.41,47.42,48.33,41672900,48.33,48.33,48.33,48.33,41672900,1.53),(6462,8,'2025-10-16',48.10,49.25,48.00,49.17,48853000,49.17,49.17,49.17,49.17,48853000,0.84),(6463,8,'2025-10-17',48.46,48.59,45.88,46.99,86492600,46.99,46.99,46.99,46.99,86492600,-2.18),(6464,8,'2025-10-20',47.76,47.83,47.06,47.72,35933500,47.72,47.72,47.72,47.72,35933500,0.73),(6465,8,'2025-10-21',45.19,45.38,43.31,43.79,81395300,43.79,43.79,43.79,43.79,81395300,-3.93),(6466,8,'2025-10-22',43.74,44.13,43.28,43.88,43270000,43.88,43.88,43.88,43.88,43270000,0.09),(6467,8,'2025-10-23',44.72,44.87,44.17,44.18,24565600,44.18,44.18,44.18,44.18,24565600,0.30),(6468,8,'2025-10-24',44.08,44.39,43.84,43.99,24014000,43.99,43.99,43.99,43.99,24014000,-0.19),(6469,8,'2025-10-27',42.97,43.06,41.70,42.40,42914100,42.40,42.40,42.40,42.40,42914100,-1.59),(6470,8,'2025-10-28',42.36,42.91,42.23,42.70,27782000,42.70,42.70,42.70,42.70,27782000,0.30),(6471,8,'2025-10-29',43.84,43.94,42.83,43.23,27351700,43.23,43.23,43.23,43.23,27351700,0.53),(6472,8,'2025-10-30',43.68,44.44,43.54,44.34,30333200,44.34,44.34,44.34,44.34,30333200,1.11),(6473,8,'2025-10-31',44.48,44.52,43.89,44.01,21310900,44.01,44.01,44.01,44.01,21310900,-0.33),(6474,8,'2025-11-03',44.25,44.36,43.56,43.76,17946700,43.76,43.76,43.76,43.76,17946700,-0.25),(6475,8,'2025-11-04',43.04,43.44,42.51,42.74,26679100,42.74,42.74,42.74,42.74,26679100,-1.02),(6476,8,'2025-11-05',43.49,43.79,43.35,43.65,16178500,43.65,43.65,43.65,43.65,16178500,0.91),(6477,8,'2025-11-06',43.66,43.90,43.24,43.55,15957900,43.55,43.55,43.55,43.55,15957900,-0.10),(6478,8,'2025-11-07',44.02,44.23,43.51,43.92,16493100,43.92,43.92,43.92,43.92,16493100,0.37),(6479,8,'2025-11-10',45.17,45.87,45.01,45.79,20763800,45.79,45.79,45.79,45.79,20763800,1.87),(6480,8,'2025-11-11',46.28,46.48,45.60,46.45,19693700,46.45,46.45,46.45,46.45,19693700,0.66),(6481,8,'2025-11-12',47.10,48.70,46.89,48.32,51559700,48.32,48.32,48.32,48.32,51559700,1.87),(6482,8,'2025-11-13',48.29,48.42,47.21,47.42,39328400,47.42,47.42,47.42,47.42,39328400,-0.90),(6483,8,'2025-11-14',45.77,46.71,45.40,45.96,31793500,45.96,45.96,45.96,45.96,31793500,-1.46),(6484,8,'2025-11-17',45.81,46.26,44.95,45.47,23582000,45.47,45.47,45.47,45.47,23582000,-0.49),(6485,8,'2025-11-18',45.87,46.44,45.59,46.10,20909400,46.10,46.10,46.10,46.10,20909400,0.63),(6486,8,'2025-11-19',46.80,47.50,45.69,46.45,30797100,46.45,46.45,46.45,46.45,30797100,0.35),(6487,8,'2025-11-20',46.26,46.64,45.54,45.78,28460400,45.78,45.78,45.78,45.78,28460400,-0.67),(6488,8,'2025-11-21',44.90,45.95,44.76,45.30,26351900,45.30,45.30,45.30,45.30,26351900,-0.48),(6489,8,'2025-11-24',45.41,46.64,45.36,46.63,21486800,46.63,46.63,46.63,46.63,21486800,1.33),(6490,8,'2025-11-25',46.55,46.77,45.97,46.67,24006600,46.67,46.67,46.67,46.67,24006600,0.04),(6491,8,'2025-11-26',47.31,48.45,47.15,48.40,26280300,48.40,48.40,48.40,48.40,26280300,1.73),(6492,8,'2025-11-28',49.67,51.27,49.58,51.21,41350000,51.21,51.21,51.21,51.21,41350000,2.81),(6493,8,'2025-12-01',51.99,53.36,51.61,52.52,66064100,52.52,52.52,52.52,52.52,66064100,1.31),(6494,8,'2025-12-02',52.83,53.20,51.77,53.13,43952700,53.13,53.13,53.13,53.13,43952700,0.61),(6495,8,'2025-12-03',52.99,53.39,52.42,53.07,33817700,53.07,53.07,53.07,53.07,33817700,-0.06),(6496,8,'2025-12-04',52.28,52.36,51.14,51.76,48740300,51.76,51.76,51.76,51.76,48740300,-1.31),(6497,8,'2025-12-05',52.71,53.82,52.53,52.95,43566000,52.95,52.95,52.95,52.95,43566000,1.19),(6498,8,'2025-12-08',52.89,52.97,52.26,52.71,19711200,52.71,52.71,52.71,52.71,19711200,-0.24),(6499,8,'2025-12-09',53.39,55.19,53.36,55.17,59738900,55.17,55.17,55.17,55.17,59738900,2.46),(6500,8,'2025-12-10',55.13,56.22,54.48,56.07,54915000,56.07,56.07,56.07,56.07,54915000,0.90),(6501,8,'2025-12-11',56.77,58.30,56.47,57.62,67910900,57.62,57.62,57.62,57.62,67910900,1.55),(6502,8,'2025-12-12',58.53,58.56,55.13,56.10,78667400,56.10,56.10,56.10,56.10,78667400,-1.52),(6503,8,'2025-12-15',57.84,58.20,57.02,58.11,43227800,58.11,58.11,58.11,58.11,43227800,2.01),(6504,8,'2025-12-16',57.61,57.99,57.10,57.73,32461300,57.73,57.73,57.73,57.73,32461300,-0.38),(6505,8,'2025-12-17',59.27,60.64,59.05,60.26,65128000,60.26,60.26,60.26,60.26,65128000,2.53),(6506,8,'2025-12-18',59.82,60.03,58.58,59.32,47603400,59.32,59.32,59.32,59.32,47603400,-0.94),(6507,8,'2025-12-19',59.79,61.16,59.69,60.93,42610000,60.93,60.93,60.93,60.93,42610000,1.61),(6508,8,'2025-12-22',62.60,62.82,61.74,62.47,50621700,62.47,62.47,62.47,62.47,50621700,1.54),(6509,8,'2025-12-23',63.68,64.88,62.37,64.84,75680000,64.84,64.84,64.84,64.84,75680000,2.37),(6510,8,'2025-12-24',65.08,65.53,63.61,65.22,58826000,65.22,65.22,65.22,65.22,58826000,0.38),(6511,8,'2025-12-26',67.83,71.23,67.35,71.12,139161200,71.12,71.12,71.12,71.12,139161200,5.90),(6512,8,'2025-12-29',65.66,66.49,63.92,66.01,153207900,66.01,66.01,66.01,66.01,153207900,-5.11),(6513,8,'2025-12-30',69.11,70.76,68.03,68.98,117759200,68.98,68.98,68.98,68.98,117759200,2.97),(6514,8,'2025-12-31',65.54,66.88,63.53,64.42,114745300,64.42,64.42,64.42,64.42,114745300,-4.56),(6515,8,'2026-01-02',67.30,67.36,64.75,65.75,75553300,65.75,65.75,65.75,65.75,75553300,1.33),(6516,8,'2026-01-05',69.45,70.60,68.52,69.08,103313300,69.08,69.08,69.08,69.08,103313300,3.33),(6517,8,'2026-01-06',71.43,73.84,71.35,73.71,105539100,73.71,73.71,73.71,73.71,105539100,4.63),(6518,8,'2026-01-07',69.82,71.55,69.22,70.96,93679500,70.96,70.96,70.96,70.96,93679500,-2.75),(6519,8,'2026-01-08',67.24,69.77,66.92,69.71,77918300,69.71,69.71,69.71,69.71,77918300,-1.25),(6520,8,'2026-01-09',71.31,72.99,70.87,72.38,90650100,72.38,72.38,72.38,72.38,90650100,2.67),(6521,8,'2026-01-12',76.11,78.18,76.00,77.23,105429600,77.23,77.23,77.23,77.23,105429600,4.85),(6522,8,'2026-01-13',80.03,80.80,77.86,78.60,140656900,78.60,78.60,78.60,78.60,140656900,1.37),(6523,8,'2026-01-14',83.34,84.78,81.28,84.56,177419400,84.56,84.56,84.56,84.56,177419400,5.96),(6524,8,'2026-01-15',80.74,84.33,80.54,83.32,160702100,83.32,83.32,83.32,83.32,160702100,-1.24),(6525,8,'2026-01-16',80.33,81.52,78.75,81.02,132767200,81.02,81.02,81.02,81.02,132767200,-2.30),(6526,8,'2026-01-20',86.19,86.33,84.38,85.39,101272300,85.39,85.39,85.39,85.39,101272300,4.37),(6527,8,'2026-01-21',85.60,85.90,81.89,83.96,141683900,83.96,83.96,83.96,83.96,141683900,-1.43),(6528,8,'2026-01-22',84.79,87.52,84.71,87.13,86965000,87.13,87.13,87.13,87.13,86965000,3.17),(6529,8,'2026-01-23',90.19,92.98,89.67,92.91,142251800,92.91,92.91,92.91,92.91,142251800,5.78);
/*!40000 ALTER TABLE `stocksdailyprice` ENABLE KEYS */;
UNLOCK TABLES;

--
-- Table structure for table `user_stock_news`
--

DROP TABLE IF EXISTS `user_stock_news`;
/*!40101 SET @saved_cs_client     = @@character_set_client */;
/*!50503 SET character_set_client = utf8mb4 */;
CREATE TABLE `user_stock_news` (
  `user_id` int NOT NULL,
  `stock_id` int NOT NULL,
  `news_id` int NOT NULL,
  PRIMARY KEY (`user_id`,`stock_id`,`news_id`),
  KEY `news_id` (`news_id`),
  CONSTRAINT `user_stock_news_ibfk_1` FOREIGN KEY (`user_id`, `stock_id`) REFERENCES `user_stocks` (`user_id`, `stock_id`) ON DELETE CASCADE ON UPDATE CASCADE,
  CONSTRAINT `user_stock_news_ibfk_2` FOREIGN KEY (`news_id`) REFERENCES `news` (`id`) ON DELETE CASCADE ON UPDATE CASCADE
) ENGINE=InnoDB DEFAULT CHARSET=utf8mb3;
/*!40101 SET character_set_client = @saved_cs_client */;

--
-- Dumping data for table `user_stock_news`
--

LOCK TABLES `user_stock_news` WRITE;
/*!40000 ALTER TABLE `user_stock_news` DISABLE KEYS */;
INSERT INTO `user_stock_news` VALUES (1,4,13),(1,4,14),(1,4,15),(1,4,16),(1,4,17),(1,4,18),(1,5,19),(1,5,20),(1,5,21),(1,5,22),(1,5,23),(1,5,24),(1,6,25),(1,6,26),(1,6,27),(1,6,28),(1,6,29),(1,6,30),(1,4,170),(1,4,171),(1,4,172),(1,4,173),(1,4,174),(1,4,175),(1,5,176),(1,5,177),(1,5,178),(1,5,179),(1,5,180),(1,5,181),(1,6,182),(1,6,183),(1,6,184),(1,6,185),(1,6,186),(1,6,187);
/*!40000 ALTER TABLE `user_stock_news` ENABLE KEYS */;
UNLOCK TABLES;

--
-- Table structure for table `user_stocks`
--

DROP TABLE IF EXISTS `user_stocks`;
/*!40101 SET @saved_cs_client     = @@character_set_client */;
/*!50503 SET character_set_client = utf8mb4 */;
CREATE TABLE `user_stocks` (
  `user_id` int NOT NULL,
  `stock_id` int NOT NULL,
  `shares` decimal(10,4) NOT NULL DEFAULT '0.0000',
  `purchase_price` decimal(10,2) NOT NULL DEFAULT '0.00',
  `is_purchased` tinyint(1) NOT NULL DEFAULT '1',
  PRIMARY KEY (`user_id`,`stock_id`),
  KEY `stock_id` (`stock_id`),
  CONSTRAINT `user_stocks_ibfk_1` FOREIGN KEY (`user_id`) REFERENCES `users` (`id`) ON DELETE CASCADE ON UPDATE CASCADE,
  CONSTRAINT `user_stocks_ibfk_2` FOREIGN KEY (`stock_id`) REFERENCES `stocks` (`id`) ON DELETE CASCADE ON UPDATE CASCADE
) ENGINE=InnoDB DEFAULT CHARSET=utf8mb3;
/*!40101 SET character_set_client = @saved_cs_client */;

--
-- Dumping data for table `user_stocks`
--

LOCK TABLES `user_stocks` WRITE;
/*!40000 ALTER TABLE `user_stocks` DISABLE KEYS */;
INSERT INTO `user_stocks` VALUES (1,4,4098.3820,119.70,1),(1,5,7.0000,243.42,1),(1,6,49.4000,14.61,1);
/*!40000 ALTER TABLE `user_stocks` ENABLE KEYS */;
UNLOCK TABLES;

--
-- Table structure for table `users`
--

DROP TABLE IF EXISTS `users`;
/*!40101 SET @saved_cs_client     = @@character_set_client */;
/*!50503 SET character_set_client = utf8mb4 */;
CREATE TABLE `users` (
  `id` int NOT NULL AUTO_INCREMENT,
  `username` varchar(255) NOT NULL,
  `password_hash` varchar(255) NOT NULL,
  `created_at` timestamp NULL DEFAULT CURRENT_TIMESTAMP,
  `modified_at` timestamp NULL DEFAULT CURRENT_TIMESTAMP,
  PRIMARY KEY (`id`),
  UNIQUE KEY `username` (`username`)
) ENGINE=InnoDB AUTO_INCREMENT=2 DEFAULT CHARSET=utf8mb3;
/*!40101 SET character_set_client = @saved_cs_client */;

--
-- Dumping data for table `users`
--

LOCK TABLES `users` WRITE;
/*!40000 ALTER TABLE `users` DISABLE KEYS */;
INSERT INTO `users` VALUES (1,'testuser','$2b$10$0z0Q0Z8zJwZQe9Y2WfE3cOB6uXGz3tJ0zZzM3nP7z0fN8uKZ3mQy6','2026-01-17 20:12:31','2026-01-25 02:15:46');
/*!40000 ALTER TABLE `users` ENABLE KEYS */;
UNLOCK TABLES;
/*!40103 SET TIME_ZONE=@OLD_TIME_ZONE */;

/*!40101 SET SQL_MODE=@OLD_SQL_MODE */;
/*!40014 SET FOREIGN_KEY_CHECKS=@OLD_FOREIGN_KEY_CHECKS */;
/*!40014 SET UNIQUE_CHECKS=@OLD_UNIQUE_CHECKS */;
/*!40101 SET CHARACTER_SET_CLIENT=@OLD_CHARACTER_SET_CLIENT */;
/*!40101 SET CHARACTER_SET_RESULTS=@OLD_CHARACTER_SET_RESULTS */;
/*!40101 SET COLLATION_CONNECTION=@OLD_COLLATION_CONNECTION */;
/*!40111 SET SQL_NOTES=@OLD_SQL_NOTES */;

-- Dump completed on 2026-01-24 20:19:15
