-- MySQL dump 10.13  Distrib 8.0.36, for Linux (x86_64)
--
-- Host: localhost    Database: moneygoup
-- ------------------------------------------------------
-- Server version	8.0.44-0ubuntu0.24.04.2

/*!40101 SET @OLD_CHARACTER_SET_CLIENT=@@CHARACTER_SET_CLIENT */;
/*!40101 SET @OLD_CHARACTER_SET_RESULTS=@@CHARACTER_SET_RESULTS */;
/*!40101 SET @OLD_COLLATION_CONNECTION=@@COLLATION_CONNECTION */;
/*!50503 SET NAMES utf8 */;
/*!40103 SET @OLD_TIME_ZONE=@@TIME_ZONE */;
/*!40103 SET TIME_ZONE='+00:00' */;
/*!40014 SET @OLD_UNIQUE_CHECKS=@@UNIQUE_CHECKS, UNIQUE_CHECKS=0 */;
/*!40014 SET @OLD_FOREIGN_KEY_CHECKS=@@FOREIGN_KEY_CHECKS, FOREIGN_KEY_CHECKS=0 */;
/*!40101 SET @OLD_SQL_MODE=@@SQL_MODE, SQL_MODE='NO_AUTO_VALUE_ON_ZERO' */;
/*!40111 SET @OLD_SQL_NOTES=@@SQL_NOTES, SQL_NOTES=0 */;

--
-- Table structure for table `news`
--

DROP TABLE IF EXISTS `news`;
/*!40101 SET @saved_cs_client     = @@character_set_client */;
/*!50503 SET character_set_client = utf8mb4 */;
CREATE TABLE `news` (
  `id` int NOT NULL AUTO_INCREMENT,
  `title` varchar(512) NOT NULL,
  `link` varchar(1024) NOT NULL,
  `pub_date` datetime DEFAULT NULL,
  `source` varchar(255) DEFAULT NULL,
  `sentiment_score` decimal(5,2) DEFAULT NULL,
  `created_at` timestamp NULL DEFAULT CURRENT_TIMESTAMP,
  PRIMARY KEY (`id`),
  UNIQUE KEY `link` (`link`)
) ENGINE=InnoDB AUTO_INCREMENT=170 DEFAULT CHARSET=utf8mb3;
/*!40101 SET character_set_client = @saved_cs_client */;

--
-- Dumping data for table `news`
--

LOCK TABLES `news` WRITE;
/*!40000 ALTER TABLE `news` DISABLE KEYS */;
INSERT INTO `news` VALUES (13,'Walmart Inc. (S: WMT) reports strong earnings, stock soars!','http://example.com/news/WMT/0','2026-01-20 16:57:27','MockNewsProvider',0.54,'2026-01-20 22:57:27'),(14,'Analysts downgrade Walmart Inc. (S: WMT) amid market uncertainty.','http://example.com/news/WMT/1','2026-01-19 16:57:27','MockNewsProvider',0.00,'2026-01-20 22:57:27'),(15,'Walmart Inc. (S: WMT) unveils new product line.','http://example.com/news/WMT/2','2026-01-18 16:57:27','MockNewsProvider',0.14,'2026-01-20 22:57:27'),(16,'Major partnership announced for Walmart Inc. (S: WMT).','http://example.com/news/WMT/3','2026-01-17 16:57:27','MockNewsProvider',0.06,'2026-01-20 22:57:27'),(17,'Walmart Inc. (S: WMT) faces regulatory challenges.','http://example.com/news/WMT/4','2026-01-16 16:57:27','MockNewsProvider',0.00,'2026-01-20 22:57:27'),(18,'Stock split for Walmart Inc. (S: WMT) expected next quarter.','http://example.com/news/WMT/5','2026-01-15 16:57:27','MockNewsProvider',-0.05,'2026-01-20 22:57:27'),(19,'CIENA CORP (S: CIEN) reports strong earnings, stock soars!','http://example.com/news/CIEN/0','2026-01-20 16:57:27','MockNewsProvider',0.54,'2026-01-20 22:57:27'),(20,'Analysts downgrade CIENA CORP (S: CIEN) amid market uncertainty.','http://example.com/news/CIEN/1','2026-01-19 16:57:27','MockNewsProvider',0.00,'2026-01-20 22:57:27'),(21,'CIENA CORP (S: CIEN) unveils new product line.','http://example.com/news/CIEN/2','2026-01-18 16:57:27','MockNewsProvider',0.14,'2026-01-20 22:57:27'),(22,'Major partnership announced for CIENA CORP (S: CIEN).','http://example.com/news/CIEN/3','2026-01-17 16:57:27','MockNewsProvider',0.06,'2026-01-20 22:57:27'),(23,'CIENA CORP (S: CIEN) faces regulatory challenges.','http://example.com/news/CIEN/4','2026-01-16 16:57:27','MockNewsProvider',0.00,'2026-01-20 22:57:27'),(24,'Stock split for CIENA CORP (S: CIEN) expected next quarter.','http://example.com/news/CIEN/5','2026-01-15 16:57:27','MockNewsProvider',-0.05,'2026-01-20 22:57:27'),(25,'Vale S.A. (S: VALE) reports strong earnings, stock soars!','http://example.com/news/VALE/0','2026-01-20 16:57:27','MockNewsProvider',0.54,'2026-01-20 22:57:27'),(26,'Analysts downgrade Vale S.A. (S: VALE) amid market uncertainty.','http://example.com/news/VALE/1','2026-01-19 16:57:27','MockNewsProvider',0.00,'2026-01-20 22:57:27'),(27,'Vale S.A. (S: VALE) unveils new product line.','http://example.com/news/VALE/2','2026-01-18 16:57:27','MockNewsProvider',0.14,'2026-01-20 22:57:27'),(28,'Major partnership announced for Vale S.A. (S: VALE).','http://example.com/news/VALE/3','2026-01-17 16:57:27','MockNewsProvider',0.06,'2026-01-20 22:57:27'),(29,'Vale S.A. (S: VALE) faces regulatory challenges.','http://example.com/news/VALE/4','2026-01-16 16:57:27','MockNewsProvider',0.00,'2026-01-20 22:57:27'),(30,'Stock split for Vale S.A. (S: VALE) expected next quarter.','http://example.com/news/VALE/5','2026-01-15 16:57:27','MockNewsProvider',-0.05,'2026-01-20 22:57:27'),(49,'AST SpaceMobile, Inc. (S: ASTS) reports strong earnings, stock soars!','http://example.com/news/ASTS/0','2026-01-20 16:57:27','MockNewsProvider',0.54,'2026-01-20 22:57:27'),(50,'Analysts downgrade AST SpaceMobile, Inc. (S: ASTS) amid market uncertainty.','http://example.com/news/ASTS/1','2026-01-19 16:57:27','MockNewsProvider',0.00,'2026-01-20 22:57:27'),(51,'AST SpaceMobile, Inc. (S: ASTS) unveils new product line.','http://example.com/news/ASTS/2','2026-01-18 16:57:27','MockNewsProvider',0.14,'2026-01-20 22:57:27'),(52,'Major partnership announced for AST SpaceMobile, Inc. (S: ASTS).','http://example.com/news/ASTS/3','2026-01-17 16:57:27','MockNewsProvider',0.06,'2026-01-20 22:57:27'),(53,'AST SpaceMobile, Inc. (S: ASTS) faces regulatory challenges.','http://example.com/news/ASTS/4','2026-01-16 16:57:27','MockNewsProvider',0.00,'2026-01-20 22:57:27'),(54,'Stock split for AST SpaceMobile, Inc. (S: ASTS) expected next quarter.','http://example.com/news/ASTS/5','2026-01-15 16:57:27','MockNewsProvider',-0.05,'2026-01-20 22:57:27');
/*!40000 ALTER TABLE `news` ENABLE KEYS */;
UNLOCK TABLES;

--
-- Table structure for table `stocks`
--

DROP TABLE IF EXISTS `stocks`;
/*!40101 SET @saved_cs_client     = @@character_set_client */;
/*!50503 SET character_set_client = utf8mb4 */;
CREATE TABLE `stocks` (
  `id` int NOT NULL AUTO_INCREMENT,
  `symbol` varchar(10) NOT NULL,
  `company_name` varchar(255) NOT NULL,
  `price` decimal(10,2) DEFAULT NULL,
  `created_at` timestamp NULL DEFAULT CURRENT_TIMESTAMP,
  PRIMARY KEY (`id`),
  UNIQUE KEY `symbol` (`symbol`)
) ENGINE=InnoDB AUTO_INCREMENT=8 DEFAULT CHARSET=utf8mb3;
/*!40101 SET character_set_client = @saved_cs_client */;

--
-- Dumping data for table `stocks`
--

LOCK TABLES `stocks` WRITE;
/*!40000 ALTER TABLE `stocks` DISABLE KEYS */;
INSERT INTO `stocks` VALUES (4,'WMT','Walmart Inc.',118.71,'2026-01-17 21:16:09'),(5,'CIEN','CIENA CORP',241.21,'2026-01-17 21:16:19'),(6,'VALE','Vale S.A.',14.93,'2026-01-17 21:16:28'),(7,'ASTS','AST SpaceMobile, Inc.',112.44,'2026-01-18 02:50:27');
/*!40000 ALTER TABLE `stocks` ENABLE KEYS */;
UNLOCK TABLES;

--
-- Table structure for table `stocksdailyprice`
--

DROP TABLE IF EXISTS `stocksdailyprice`;
/*!40101 SET @saved_cs_client     = @@character_set_client */;
/*!50503 SET character_set_client = utf8mb4 */;
CREATE TABLE `stocksdailyprice` (
  `id` int NOT NULL AUTO_INCREMENT,
  `stock_id` int NOT NULL,
  `date` date NOT NULL,
  `open` decimal(10,2) NOT NULL,
  `high` decimal(10,2) NOT NULL,
  `low` decimal(10,2) NOT NULL,
  `close` decimal(10,2) NOT NULL,
  `volume` int NOT NULL,
  `adj_open` decimal(10,2) DEFAULT NULL,
  `adj_high` decimal(10,2) DEFAULT NULL,
  `adj_low` decimal(10,2) DEFAULT NULL,
  `adj_close` decimal(10,2) DEFAULT NULL,
  `adj_volume` int DEFAULT NULL,
  `daily_change` decimal(10,2) DEFAULT NULL,
  PRIMARY KEY (`id`),
  UNIQUE KEY `stock_id` (`stock_id`,`date`),
  CONSTRAINT `stocksdailyprice_ibfk_1` FOREIGN KEY (`stock_id`) REFERENCES `stocks` (`id`) ON DELETE CASCADE ON UPDATE CASCADE
) ENGINE=InnoDB AUTO_INCREMENT=4271 DEFAULT CHARSET=utf8mb3;
/*!40101 SET character_set_client = @saved_cs_client */;

--
-- Dumping data for table `stocksdailyprice`
--

LOCK TABLES `stocksdailyprice` WRITE;
/*!40000 ALTER TABLE `stocksdailyprice` DISABLE KEYS */;
INSERT INTO `stocksdailyprice` VALUES (514,4,'2025-01-17',92.07,92.26,91.05,91.94,15868213,91.20,91.39,90.19,91.07,15868213,NULL),(515,4,'2025-01-21',92.48,94.24,92.31,93.08,23247451,91.60,93.35,91.44,92.20,23247451,NULL),(516,4,'2025-01-22',93.77,94.00,92.52,93.23,15567057,92.88,93.11,91.64,92.35,15567057,NULL),(517,4,'2025-01-23',92.96,93.81,92.32,93.81,14198438,92.08,92.92,91.45,92.92,14198438,NULL),(518,4,'2025-01-24',93.54,95.01,93.46,94.76,14973773,92.65,94.11,92.57,93.86,14973773,NULL),(519,4,'2025-01-27',95.90,97.46,94.82,97.40,18880614,94.99,96.54,93.92,96.48,18880614,NULL),(520,4,'2025-01-28',97.23,97.84,96.73,97.29,14641621,96.31,96.91,95.81,96.37,14641621,NULL),(521,4,'2025-01-29',97.43,98.17,97.22,97.50,11261444,96.50,97.24,96.30,96.58,11261444,NULL),(522,4,'2025-01-30',97.69,98.93,97.42,98.65,11012220,96.76,97.99,96.50,97.72,11012220,NULL),(523,4,'2025-01-31',99.00,99.00,97.70,98.16,16413893,98.06,98.06,96.77,97.23,16413893,NULL),(524,4,'2025-02-03',96.77,99.79,96.47,99.54,20484152,95.85,98.84,95.56,98.60,20484152,NULL),(525,4,'2025-02-04',99.97,100.95,99.69,100.77,15201194,99.02,99.99,98.75,99.82,15201194,NULL),(526,4,'2025-02-05',100.65,102.58,100.54,102.46,15926717,99.70,101.61,99.59,101.49,15926717,NULL),(527,4,'2025-02-06',102.53,103.02,101.94,102.85,13088467,101.56,102.04,100.97,101.88,13088467,NULL),(528,4,'2025-02-07',103.00,103.11,101.11,101.15,12451072,102.02,102.13,100.15,100.19,12451072,NULL),(529,4,'2025-02-10',101.95,102.93,101.25,102.92,15274644,100.98,101.96,100.29,101.95,15274644,NULL),(530,4,'2025-02-11',102.62,102.85,101.85,102.47,11953632,101.65,101.88,100.89,101.50,11953632,NULL),(531,4,'2025-02-12',102.12,103.90,102.04,103.61,15162125,101.15,102.92,101.07,102.63,15162125,NULL),(532,4,'2025-02-13',104.00,105.24,103.53,105.05,12604413,103.02,104.24,102.55,104.06,12604413,NULL),(533,4,'2025-02-14',105.30,105.30,103.60,104.04,14109460,104.30,104.30,102.62,103.05,14109460,NULL),(534,4,'2025-02-18',103.72,103.99,102.51,103.78,18247314,102.74,103.01,101.54,102.80,18247314,NULL),(535,4,'2025-02-19',103.85,104.20,102.55,104.00,18507981,102.87,103.21,101.58,103.02,18507981,NULL),(536,4,'2025-02-20',98.78,100.12,96.68,97.21,55450924,97.84,99.17,95.77,96.29,55450924,NULL),(537,4,'2025-02-21',96.53,96.85,94.12,94.78,35014806,95.62,95.93,93.22,93.88,35014806,NULL),(538,4,'2025-02-24',94.18,94.64,92.12,93.67,29755875,93.29,93.74,91.25,92.78,29755875,NULL),(539,4,'2025-02-25',94.35,97.91,94.24,97.69,29331188,93.46,96.98,93.35,96.76,29331188,NULL),(540,4,'2025-02-26',97.70,98.73,96.07,96.20,19069721,96.77,97.79,95.16,95.29,19069721,NULL),(541,4,'2025-02-27',95.90,98.04,95.81,96.79,16431469,94.99,97.11,94.90,95.87,16431469,NULL),(542,4,'2025-02-28',97.79,98.86,97.17,98.61,25451260,96.86,97.92,96.25,97.68,25451260,NULL),(543,4,'2025-03-03',97.98,99.49,96.83,97.59,18372193,97.05,98.55,95.91,96.67,18372193,NULL),(544,4,'2025-03-04',95.76,97.05,94.46,94.97,25227673,94.85,96.13,93.57,94.07,25227673,NULL),(545,4,'2025-03-05',94.97,96.39,94.75,95.98,17638956,94.07,95.48,93.85,95.07,17638956,NULL),(546,4,'2025-03-06',94.80,96.19,94.18,94.64,19957804,93.90,95.28,93.29,93.74,19957804,NULL),(547,4,'2025-03-07',93.94,93.95,90.76,91.72,35913156,93.05,93.06,89.90,90.85,35913156,NULL),(548,4,'2025-03-10',89.76,90.23,86.61,87.82,35029553,88.91,89.38,85.79,86.99,35029553,NULL),(549,4,'2025-03-11',87.29,89.35,87.14,87.44,28687586,86.46,88.50,86.31,86.61,28687586,NULL),(550,4,'2025-03-12',87.88,89.10,84.88,85.20,33301609,87.05,88.26,84.08,84.39,33301609,NULL),(551,4,'2025-03-13',84.94,85.45,83.87,84.50,31507753,84.14,84.64,83.08,83.70,31507753,NULL),(552,4,'2025-03-14',84.96,85.37,84.06,85.35,35500647,84.16,84.56,83.26,84.54,35500647,NULL),(553,4,'2025-03-17',85.13,87.99,84.98,87.46,26297768,84.32,87.15,84.18,86.63,26297768,NULL),(554,4,'2025-03-18',87.44,87.68,85.50,85.59,17850930,86.61,86.84,84.69,84.78,17850930,NULL),(555,4,'2025-03-19',85.95,86.79,85.62,86.33,24555857,85.14,85.96,84.81,85.51,24555857,NULL),(556,4,'2025-03-20',85.81,87.08,85.52,85.81,18185506,85.00,86.26,84.71,85.00,18185506,NULL),(557,4,'2025-03-21',85.28,86.23,84.78,85.98,26797178,84.70,85.65,84.21,85.40,26797178,NULL),(558,4,'2025-03-24',86.47,87.65,86.35,87.49,17900732,85.89,87.06,85.77,86.90,17900732,NULL),(559,4,'2025-03-25',86.76,87.31,84.62,84.76,27908573,86.17,86.71,84.05,84.19,27908573,NULL),(560,4,'2025-03-26',85.19,85.56,84.57,85.21,27241495,84.61,84.98,84.00,84.63,27241495,NULL),(561,4,'2025-03-27',84.78,86.11,84.78,85.63,16782807,84.20,85.53,84.20,85.05,16782807,NULL),(562,4,'2025-03-28',85.43,85.83,84.70,85.15,14790567,84.85,85.25,84.13,84.57,14790567,NULL),(563,4,'2025-03-31',84.76,88.20,84.37,87.79,30269313,84.19,87.60,83.80,87.20,30269313,NULL),(564,4,'2025-04-01',87.54,89.11,87.37,88.83,22080252,86.94,88.51,86.78,88.23,22080252,NULL),(565,4,'2025-04-02',88.20,90.15,88.12,89.76,19384137,87.60,89.54,87.52,89.15,19384137,NULL),(566,4,'2025-04-03',86.28,89.88,86.28,87.26,33012927,85.70,89.27,85.70,86.67,33012927,NULL),(567,4,'2025-04-04',85.64,87.39,82.65,83.19,36209015,85.06,86.80,82.09,82.63,36209015,NULL),(568,4,'2025-04-07',80.24,86.26,79.81,83.83,36884944,79.70,85.68,79.27,83.26,36884944,NULL),(569,4,'2025-04-08',85.85,86.97,81.03,81.79,34351744,85.27,86.38,80.48,81.24,34351744,NULL),(570,4,'2025-04-09',83.33,90.80,83.02,89.60,46632755,82.76,90.19,82.46,88.99,46632755,NULL),(571,4,'2025-04-10',88.73,91.87,88.16,90.61,34735323,88.13,91.25,87.57,90.00,34735323,NULL),(572,4,'2025-04-11',90.68,93.35,90.01,92.80,25508136,90.07,92.72,89.40,92.17,25508136,NULL),(573,4,'2025-04-14',93.27,95.44,92.90,94.73,27742915,92.64,94.79,92.27,94.09,27742915,NULL),(574,4,'2025-04-15',94.82,96.03,93.87,93.97,21871213,94.18,95.38,93.24,93.33,21871213,NULL),(575,4,'2025-04-16',94.00,94.30,90.61,91.19,22229105,93.36,93.66,90.00,90.57,22229105,NULL),(576,4,'2025-04-17',91.83,93.87,91.62,93.22,21393917,91.21,93.24,91.00,92.59,21393917,NULL),(577,4,'2025-04-21',93.02,94.08,91.34,92.41,18361208,92.39,93.44,90.72,91.79,18361208,NULL),(578,4,'2025-04-22',92.88,95.29,92.88,94.85,15407774,92.25,94.65,92.25,94.21,15407774,NULL),(579,4,'2025-04-23',95.02,96.60,94.16,94.96,18046886,94.37,95.95,93.53,94.32,18046886,NULL),(580,4,'2025-04-24',94.71,96.22,93.66,95.84,13444528,94.07,95.56,93.03,95.19,13444528,NULL),(581,4,'2025-04-25',95.80,96.47,94.36,95.09,15317220,95.15,95.82,93.72,94.45,15317220,NULL),(582,4,'2025-04-28',95.10,96.00,94.34,95.22,12950000,94.46,95.35,93.70,94.58,12950000,NULL),(583,4,'2025-04-29',94.84,96.18,94.42,96.04,12679025,94.20,95.53,93.78,95.39,12679025,NULL),(584,4,'2025-04-30',95.94,97.78,94.93,97.25,21639860,95.29,97.12,94.29,96.59,21639860,NULL),(585,4,'2025-05-01',97.02,97.90,96.59,97.41,13171784,96.36,97.24,95.94,96.75,13171784,NULL),(586,4,'2025-05-02',97.95,99.22,97.85,98.75,16031373,97.29,98.55,97.19,98.08,16031373,NULL),(587,4,'2025-05-05',98.94,99.74,98.53,99.33,12439132,98.27,99.07,97.86,98.66,12439132,NULL),(588,4,'2025-05-06',98.74,99.47,98.41,98.55,10625999,98.07,98.80,97.74,97.88,10625999,NULL),(589,4,'2025-05-07',98.55,99.23,98.31,98.83,11310191,97.88,98.56,97.65,98.16,11310191,NULL),(590,4,'2025-05-08',98.75,99.33,97.36,97.43,14461119,98.08,98.66,96.70,96.77,14461119,NULL),(591,4,'2025-05-09',96.75,97.20,96.29,96.72,13697822,96.33,96.78,95.87,96.30,13697822,NULL),(592,4,'2025-05-12',97.67,97.97,95.62,96.75,26783925,97.25,97.54,95.20,96.33,26783925,NULL),(593,4,'2025-05-13',96.50,97.32,95.23,95.88,19746658,96.08,96.90,94.81,95.46,19746658,NULL),(594,4,'2025-05-14',96.03,97.33,95.83,96.83,25620110,95.61,96.91,95.41,96.41,25620110,NULL),(595,4,'2025-05-15',94.30,96.72,91.89,96.35,44026125,93.89,96.30,91.49,95.93,44026125,NULL),(596,4,'2025-05-16',96.14,99.19,96.00,98.24,33746187,95.72,98.76,95.58,97.81,33746187,NULL),(597,4,'2025-05-19',96.65,98.28,95.81,98.12,20041573,96.23,97.85,95.39,97.69,20041573,NULL),(598,4,'2025-05-20',98.56,98.82,96.52,97.80,15609610,98.13,98.39,96.10,97.37,15609610,NULL),(599,4,'2025-05-21',97.13,97.76,95.98,96.43,15742336,96.70,97.33,95.56,96.01,15742336,NULL),(600,4,'2025-05-22',96.54,96.96,95.82,95.93,13712163,96.12,96.54,95.40,95.51,13712163,NULL),(601,4,'2025-05-23',95.34,96.54,95.00,96.34,13668621,94.93,96.12,94.59,95.92,13668621,NULL),(602,4,'2025-05-27',97.30,97.80,96.58,97.58,17180937,96.88,97.37,96.16,97.16,17180937,NULL),(603,4,'2025-05-28',97.52,98.24,97.06,97.24,11220098,97.10,97.81,96.64,96.82,11220098,NULL),(604,4,'2025-05-29',97.63,97.77,96.85,97.10,14343738,97.21,97.34,96.43,96.68,14343738,NULL),(605,4,'2025-05-30',96.96,98.93,96.60,98.72,29980069,96.54,98.50,96.18,98.29,29980069,NULL),(606,4,'2025-06-02',98.84,99.91,98.05,99.77,16999205,98.41,99.47,97.62,99.34,16999205,NULL),(607,4,'2025-06-03',99.57,100.89,98.57,99.98,15598643,99.13,100.45,98.14,99.55,15598643,NULL),(608,4,'2025-06-04',99.79,100.13,99.32,99.35,11115649,99.36,99.69,98.89,98.92,11115649,NULL),(609,4,'2025-06-05',99.30,99.59,97.61,97.96,15825276,98.86,99.16,97.18,97.53,15825276,NULL),(610,4,'2025-06-06',98.37,98.56,96.97,97.47,15599294,97.94,98.13,96.55,97.05,15599294,NULL),(611,4,'2025-06-09',97.40,97.85,96.77,97.45,13655700,96.98,97.42,96.35,97.03,13655700,NULL),(612,4,'2025-06-10',97.29,98.09,96.48,97.32,17162468,96.87,97.66,96.06,96.90,17162468,NULL),(613,4,'2025-06-11',97.29,97.29,95.35,95.80,16389620,96.87,96.87,94.94,95.38,16389620,NULL),(614,4,'2025-06-12',94.89,95.26,93.43,94.83,17845704,94.48,94.85,93.02,94.42,17845704,NULL),(615,4,'2025-06-13',94.52,95.32,94.01,94.44,18694739,94.11,94.91,93.60,94.03,18694739,NULL),(616,4,'2025-06-16',94.75,95.78,94.10,94.29,14881663,94.34,95.36,93.69,93.88,14881663,NULL),(617,4,'2025-06-17',93.95,94.82,93.62,94.25,14935630,93.54,94.41,93.21,93.84,14935630,NULL),(618,4,'2025-06-18',94.57,95.49,94.09,95.09,11333690,94.16,95.07,93.68,94.68,11333690,NULL),(619,4,'2025-06-20',95.24,96.31,95.20,96.12,20604918,94.83,95.89,94.79,95.70,20604918,NULL),(620,4,'2025-06-23',95.92,97.93,95.67,97.87,20432351,95.50,97.50,95.25,97.44,20432351,NULL),(621,4,'2025-06-24',97.73,99.11,97.25,98.00,22403655,97.30,98.67,96.83,97.57,22403655,NULL),(622,4,'2025-06-25',98.31,98.56,97.15,97.26,11154676,97.88,98.13,96.73,96.84,11154676,NULL),(623,4,'2025-06-26',96.90,97.34,95.92,96.02,19361417,96.48,96.92,95.50,95.60,19361417,NULL),(624,4,'2025-06-27',96.32,97.76,96.16,97.27,31431912,95.90,97.33,95.74,96.85,31431912,NULL),(625,4,'2025-06-30',97.23,98.14,96.31,97.78,17803030,96.81,97.71,95.89,97.35,17803030,NULL),(626,4,'2025-07-01',97.60,99.19,97.42,98.24,15635847,97.18,98.76,97.00,97.81,15635847,NULL),(627,4,'2025-07-02',98.13,98.38,97.06,97.61,12501965,97.70,97.95,96.63,97.19,12501965,NULL),(628,4,'2025-07-03',97.70,98.48,97.42,98.36,7686204,97.28,98.05,97.00,97.93,7686204,NULL),(629,4,'2025-07-07',98.23,99.35,97.62,99.35,12930913,97.80,98.92,97.20,98.92,12930913,NULL),(630,4,'2025-07-08',98.82,99.17,96.51,97.09,16874954,98.39,98.74,96.09,96.67,16874954,NULL),(631,4,'2025-07-09',97.15,97.29,96.38,96.81,13702615,96.73,96.87,95.96,96.39,13702615,NULL),(632,4,'2025-07-10',96.66,96.78,94.74,94.86,18894787,96.24,96.36,94.32,94.45,18894787,NULL),(633,4,'2025-07-11',95.01,95.53,94.23,94.40,14595047,94.59,95.12,93.82,93.99,14595047,NULL),(634,4,'2025-07-14',94.51,95.84,94.38,95.78,13779084,94.10,95.42,93.97,95.36,13779084,NULL),(635,4,'2025-07-15',95.60,95.78,94.94,95.39,10450759,95.18,95.36,94.52,94.98,10450759,NULL),(636,4,'2025-07-16',95.42,95.83,94.61,95.15,11181552,95.00,95.41,94.19,94.74,11181552,NULL),(637,4,'2025-07-17',95.08,95.63,94.89,95.09,11165126,94.66,95.21,94.48,94.68,11165126,NULL),(638,4,'2025-07-18',95.09,95.48,94.43,95.05,14636294,94.67,95.06,94.02,94.64,14636294,NULL),(639,4,'2025-07-21',95.26,96.64,95.10,95.67,13450359,94.84,96.22,94.69,95.25,13450359,NULL),(640,4,'2025-07-22',95.84,96.67,95.74,95.85,9049130,95.42,96.25,95.32,95.43,9049130,NULL),(641,4,'2025-07-23',96.01,96.29,95.29,95.68,9729672,95.59,95.87,94.88,95.26,9729672,NULL),(642,4,'2025-07-24',95.57,96.96,95.35,96.60,14991517,95.15,96.53,94.94,96.18,14991517,NULL),(643,4,'2025-07-25',96.84,97.65,96.53,97.47,12868466,96.42,97.23,96.11,97.05,12868466,NULL),(644,4,'2025-07-28',97.28,98.13,97.08,97.61,12293060,96.86,97.70,96.65,97.19,12293060,NULL),(645,4,'2025-07-29',97.78,98.72,97.34,98.33,14034265,97.35,98.29,96.92,97.90,14034265,NULL),(646,4,'2025-07-30',98.61,98.88,97.29,97.59,13864096,98.18,98.45,96.87,97.17,13864096,NULL),(647,4,'2025-07-31',97.44,98.63,97.31,97.98,15651348,97.02,98.20,96.89,97.55,15651348,NULL),(648,4,'2025-08-01',98.00,98.83,97.67,98.49,16750407,97.57,98.40,97.25,98.06,16750407,NULL),(649,4,'2025-08-04',98.20,99.91,98.20,99.59,19050206,97.77,99.48,97.77,99.16,19050206,NULL),(650,4,'2025-08-05',99.67,100.47,98.91,99.31,17977008,99.24,100.03,98.48,98.88,17977008,NULL),(651,4,'2025-08-06',99.46,103.69,99.46,103.36,23738420,99.03,103.23,99.03,102.91,23738420,NULL),(652,4,'2025-08-07',103.46,103.90,102.11,103.12,12509479,103.01,103.45,101.67,102.67,12509479,NULL),(653,4,'2025-08-08',103.37,104.72,103.15,103.73,12394722,102.92,104.26,102.70,103.28,12394722,NULL),(654,4,'2025-08-11',103.90,104.33,103.11,103.93,12856706,103.45,103.88,102.66,103.48,12856706,NULL),(655,4,'2025-08-12',104.25,104.31,103.37,103.62,17919327,103.80,103.86,102.92,103.17,17919327,NULL),(656,4,'2025-08-13',102.15,102.81,100.85,100.99,19398499,101.71,102.36,100.41,100.55,19398499,NULL),(657,4,'2025-08-14',101.22,101.44,100.72,100.85,10858447,100.78,101.00,100.28,100.41,10858447,NULL),(658,4,'2025-08-15',100.63,100.77,99.54,100.00,13604944,100.43,100.57,99.34,99.80,13604944,NULL),(659,4,'2025-08-18',100.00,100.88,99.92,100.70,11656135,99.80,100.67,99.71,100.50,11656135,NULL),(660,4,'2025-08-19',100.96,102.43,100.80,101.29,16999004,100.76,102.22,100.60,101.09,16999004,NULL),(661,4,'2025-08-20',101.15,102.65,100.93,102.57,18655026,100.95,102.44,100.73,102.36,18655026,NULL),(662,4,'2025-08-21',99.41,99.45,96.95,97.96,51825050,99.21,99.25,96.76,97.76,51825050,NULL),(663,4,'2025-08-22',98.07,99.05,96.76,96.83,32695177,97.87,98.85,96.57,96.64,32695177,NULL),(664,4,'2025-08-25',97.00,97.58,96.07,96.07,18956143,96.81,97.38,95.88,95.88,18956143,NULL),(665,4,'2025-08-26',96.28,96.47,95.42,96.05,22270353,96.08,96.28,95.23,95.86,22270353,NULL),(666,4,'2025-08-27',95.90,96.32,95.60,96.08,12925656,95.71,96.12,95.41,95.89,12925656,NULL),(667,4,'2025-08-28',96.00,96.57,95.70,96.11,19241634,95.81,96.38,95.51,95.92,19241634,NULL),(668,4,'2025-08-29',96.10,97.03,95.80,96.98,15600269,95.91,96.83,95.60,96.79,15600269,NULL),(669,4,'2025-09-02',97.23,97.85,96.51,97.85,15351293,97.03,97.65,96.32,97.65,15351293,NULL),(670,4,'2025-09-03',97.85,99.44,97.50,99.44,18726797,97.65,99.24,97.30,99.24,18726797,NULL),(671,4,'2025-09-04',99.91,101.35,99.65,100.93,15640895,99.71,101.15,99.45,100.73,15640895,NULL),(672,4,'2025-09-05',101.08,101.48,99.55,100.51,13748454,100.88,101.28,99.35,100.31,13748454,NULL),(673,4,'2025-09-08',100.85,102.36,100.42,102.28,13685735,100.65,102.15,100.22,102.07,13685735,NULL),(674,4,'2025-09-09',102.00,102.49,101.55,102.29,11819663,101.80,102.28,101.35,102.08,11819663,NULL),(675,4,'2025-09-10',101.95,102.45,100.39,100.41,17934871,101.75,102.24,100.19,100.21,17934871,NULL),(676,4,'2025-09-11',100.99,102.78,100.28,102.65,15900790,100.79,102.57,100.08,102.44,15900790,NULL),(677,4,'2025-09-12',102.54,103.98,102.36,103.49,11641926,102.33,103.77,102.15,103.28,11641926,NULL),(678,4,'2025-09-15',103.65,103.98,103.41,103.69,10756876,103.44,103.77,103.20,103.48,10756876,NULL),(679,4,'2025-09-16',103.85,104.21,103.13,103.42,14481863,103.64,104.00,102.92,103.21,14481863,NULL),(680,4,'2025-09-17',103.73,106.11,103.73,104.27,25382015,103.52,105.90,103.52,104.06,25382015,NULL),(681,4,'2025-09-18',103.78,104.64,102.12,103.60,14869387,103.57,104.42,101.91,103.39,14869387,NULL),(682,4,'2025-09-19',103.81,103.94,102.09,102.33,34791573,103.60,103.73,101.88,102.12,34791573,NULL),(683,4,'2025-09-22',102.45,103.20,101.92,102.82,12861946,102.24,102.99,101.72,102.61,12861946,NULL),(684,4,'2025-09-23',102.41,102.68,101.33,102.52,13158658,102.20,102.47,101.13,102.31,13158658,NULL),(685,4,'2025-09-24',103.04,103.47,102.48,102.73,11391834,102.83,103.26,102.27,102.52,11391834,NULL),(686,4,'2025-09-25',103.22,103.51,102.58,103.05,13366747,103.01,103.30,102.37,102.84,13366747,NULL),(687,4,'2025-09-26',102.88,103.49,102.47,103.16,11859265,102.67,103.28,102.26,102.95,11859265,NULL),(688,4,'2025-09-29',103.05,103.31,102.08,103.08,15477159,102.84,103.10,101.87,102.87,15477159,NULL),(689,4,'2025-09-30',103.00,103.94,102.72,103.06,13873389,102.79,103.73,102.51,102.85,13873389,NULL),(690,4,'2025-10-01',102.56,102.86,100.55,101.96,16142766,102.35,102.65,100.35,101.76,16142766,NULL),(691,4,'2025-10-02',101.45,102.14,99.87,101.70,15605363,101.25,101.93,99.67,101.50,15605363,NULL),(692,4,'2025-10-03',101.46,102.82,101.20,102.07,11867483,101.26,102.61,101.00,101.86,11867483,NULL),(693,4,'2025-10-06',101.88,103.07,101.58,102.70,13303560,101.68,102.86,101.38,102.49,13303560,NULL),(694,4,'2025-10-07',102.38,103.25,100.95,103.24,15538855,102.17,103.04,100.75,103.03,15538855,NULL),(695,4,'2025-10-08',103.02,103.26,102.15,102.90,13584084,102.81,103.05,101.94,102.69,13584084,NULL),(696,4,'2025-10-09',103.13,103.45,100.37,101.77,19508017,102.92,103.24,100.17,101.57,19508017,NULL),(697,4,'2025-10-10',102.05,103.63,101.52,101.84,18519435,101.84,103.42,101.32,101.64,18519435,NULL),(698,4,'2025-10-13',101.37,102.45,101.07,102.12,10871182,101.17,102.24,100.87,101.91,10871182,NULL),(699,4,'2025-10-14',104.05,107.92,102.89,107.21,30859504,103.84,107.70,102.69,106.99,30859504,NULL),(700,4,'2025-10-15',107.32,109.56,107.30,109.03,21416294,107.10,109.33,107.08,108.81,21416294,NULL),(701,4,'2025-10-16',109.20,109.58,105.66,106.47,16366166,108.98,109.35,105.45,106.26,16366166,NULL),(702,4,'2025-10-17',107.17,108.20,106.22,107.73,13735594,106.95,107.98,106.01,107.51,13735594,NULL),(703,4,'2025-10-20',107.85,108.25,106.61,107.05,10581220,107.63,108.03,106.40,106.83,10581220,NULL),(704,4,'2025-10-21',107.33,107.48,106.18,106.22,10899733,107.11,107.26,105.97,106.01,10899733,NULL),(705,4,'2025-10-22',106.55,107.77,105.66,107.14,12296490,106.34,107.55,105.44,106.92,12296490,NULL),(706,4,'2025-10-23',107.35,107.57,105.78,106.86,11408241,107.13,107.35,105.57,106.65,11408241,NULL),(707,4,'2025-10-24',107.07,107.17,105.51,106.17,10317959,106.85,106.95,105.30,105.96,10317959,NULL),(708,4,'2025-10-27',106.34,106.36,104.15,104.47,16375860,106.13,106.15,103.94,104.26,16375860,NULL),(709,4,'2025-10-28',104.06,104.14,103.05,103.17,13322994,103.85,103.93,102.84,102.96,13322994,NULL),(710,4,'2025-10-29',102.91,103.67,102.11,102.46,11986407,102.70,103.46,101.90,102.25,11986407,NULL),(711,4,'2025-10-30',102.20,103.37,101.96,102.23,14065077,101.99,103.16,101.76,102.02,14065077,NULL),(712,4,'2025-10-31',101.70,102.10,100.18,101.18,20237018,101.50,101.89,99.98,100.98,20237018,NULL),(713,4,'2025-11-03',100.82,101.80,100.40,101.59,14811687,100.61,101.60,100.20,101.39,14811687,NULL),(714,4,'2025-11-04',102.13,102.62,101.46,102.27,12636350,101.92,102.41,101.26,102.06,12636350,NULL),(715,4,'2025-11-05',101.74,102.68,100.85,101.47,13303082,101.54,102.47,100.65,101.27,13303082,NULL),(716,4,'2025-11-06',101.34,101.93,100.03,101.68,14866025,101.14,101.73,99.83,101.48,14866025,NULL),(717,4,'2025-11-07',102.13,102.97,101.73,102.59,17248716,101.92,102.76,101.53,102.38,17248716,NULL),(718,4,'2025-11-10',102.15,102.67,101.60,102.42,14507603,101.94,102.46,101.40,102.21,14507603,NULL),(719,4,'2025-11-11',102.50,103.74,102.32,103.44,13182144,102.29,103.53,102.11,103.23,13182144,NULL),(720,4,'2025-11-12',103.35,103.60,102.66,103.44,12084407,103.14,103.39,102.46,103.23,12084407,NULL),(721,4,'2025-11-13',103.59,103.93,102.02,102.54,18088506,103.38,103.72,101.81,102.33,18088506,NULL),(722,4,'2025-11-14',100.20,102.49,98.88,102.48,23424211,100.00,102.28,98.68,102.27,23424211,NULL),(723,4,'2025-11-17',102.58,103.32,102.10,102.95,15289373,102.37,103.11,101.89,102.74,15289373,NULL),(724,4,'2025-11-18',102.98,103.34,101.38,101.39,17604460,102.77,103.14,101.18,101.19,17604460,NULL),(725,4,'2025-11-19',101.58,101.71,99.68,100.61,22157029,101.38,101.51,99.48,100.41,22157029,NULL),(726,4,'2025-11-20',103.94,107.91,102.68,107.11,50375920,103.73,107.69,102.47,106.89,50375920,NULL),(727,4,'2025-11-21',107.98,108.15,104.72,105.32,41420780,107.76,107.93,104.51,105.11,41420780,NULL),(728,4,'2025-11-24',105.36,106.27,103.76,104.06,42519159,105.15,106.06,103.55,103.85,42519159,NULL),(729,4,'2025-11-25',104.61,107.42,104.23,107.00,20212882,104.40,107.20,104.02,106.78,20212882,NULL),(730,4,'2025-11-26',107.20,109.59,107.17,109.10,17783281,106.98,109.37,106.95,108.88,17783281,NULL),(731,4,'2025-11-28',109.30,110.70,109.00,110.51,9846525,109.08,110.48,108.78,110.29,9846525,NULL),(732,4,'2025-12-01',110.51,111.76,110.36,111.53,17236750,110.29,111.53,110.14,111.31,17236750,NULL),(733,4,'2025-12-02',111.47,112.65,110.79,112.41,18711768,111.25,112.42,110.57,112.18,18711768,NULL),(734,4,'2025-12-03',112.50,114.89,112.22,114.41,24478281,112.27,114.66,112.00,114.18,24478281,NULL),(735,4,'2025-12-04',113.62,114.89,113.16,114.84,25905147,113.39,114.65,112.94,114.61,25905147,NULL),(736,4,'2025-12-05',114.73,116.27,114.68,115.11,23956427,114.50,116.04,114.44,114.88,23956427,NULL),(737,4,'2025-12-08',114.57,114.99,112.30,113.56,21851466,114.34,114.76,112.07,113.33,21851466,NULL),(738,4,'2025-12-09',113.95,115.72,113.02,115.06,22512198,113.72,115.49,112.79,114.83,22512198,NULL),(739,4,'2025-12-10',115.35,116.23,112.99,113.18,22859578,115.12,116.00,112.76,112.95,22859578,NULL),(740,4,'2025-12-11',113.14,115.87,112.85,115.52,21586640,112.91,115.64,112.62,115.29,21586640,NULL),(741,4,'2025-12-12',115.26,116.95,115.02,116.70,19092414,115.26,116.95,115.02,116.70,19092414,NULL),(742,4,'2025-12-15',116.93,117.45,115.64,116.79,18713743,116.93,117.45,115.64,116.79,18713743,NULL),(743,4,'2025-12-16',116.58,116.88,114.95,115.42,19642346,116.58,116.88,114.95,115.42,19642346,NULL),(744,4,'2025-12-17',115.20,116.39,115.07,115.66,16177750,115.20,116.39,115.07,115.66,16177750,NULL),(745,4,'2025-12-18',115.01,116.48,114.61,114.83,21476675,115.01,116.48,114.61,114.83,21476675,NULL),(746,4,'2025-12-19',115.14,115.28,113.53,114.36,50043755,115.14,115.28,113.53,114.36,50043755,NULL),(747,4,'2025-12-22',114.01,114.32,112.22,112.60,21473912,114.01,114.32,112.22,112.60,21473912,NULL),(748,4,'2025-12-23',111.99,112.35,110.70,110.90,20319917,111.99,112.35,110.70,110.90,20319917,NULL),(749,4,'2025-12-24',110.90,111.71,110.55,111.61,9009629,110.90,111.71,110.55,111.61,9009629,NULL),(750,4,'2025-12-26',111.72,111.97,111.36,111.74,9003791,111.72,111.97,111.36,111.74,9003791,NULL),(751,4,'2025-12-29',111.59,112.78,111.57,112.53,12979573,111.59,112.78,111.57,112.53,12979573,NULL),(752,4,'2025-12-30',111.89,112.69,111.84,111.92,11730590,111.89,112.69,111.84,111.92,11730590,NULL),(753,4,'2025-12-31',111.73,112.25,111.32,111.41,11487434,111.73,112.25,111.32,111.41,11487434,NULL),(754,4,'2026-01-02',111.43,112.79,111.12,112.76,14306560,111.43,112.79,111.12,112.76,14306560,NULL),(755,4,'2026-01-05',112.82,113.73,112.15,112.71,19557620,112.82,113.73,112.15,112.71,19557620,NULL),(756,4,'2026-01-06',112.40,114.79,111.99,114.34,20120817,112.40,114.79,111.99,114.34,20120817,NULL),(757,4,'2026-01-07',114.19,114.73,112.10,112.72,23306003,114.19,114.73,112.10,112.72,23306003,NULL),(758,4,'2026-01-08',111.29,113.47,109.81,113.07,24058262,111.29,113.47,109.81,113.07,24058262,NULL),(759,4,'2026-01-09',112.26,115.46,112.26,114.53,21902859,112.26,115.46,112.26,114.53,21902859,NULL),(760,4,'2026-01-12',117.50,118.84,116.41,117.97,49182081,117.50,118.84,116.41,117.97,49182081,NULL),(761,4,'2026-01-13',117.89,120.51,117.73,120.36,31222058,117.89,120.51,117.73,120.36,31222058,NULL),(762,4,'2026-01-14',120.19,121.24,119.03,120.04,32764044,120.19,121.24,119.03,120.04,32764044,NULL),(763,4,'2026-01-15',119.98,120.87,118.73,119.20,34559430,119.98,120.87,118.73,119.20,34559430,NULL),(764,4,'2026-01-16',118.67,120.60,116.90,119.70,415144621,118.67,120.60,116.90,119.70,415144621,NULL),(765,5,'2025-01-17',85.00,85.83,84.33,84.76,1563631,85.00,85.83,84.33,84.76,1563631,NULL),(766,5,'2025-01-21',85.40,88.88,85.40,88.68,2320051,85.40,88.88,85.40,88.68,2320051,NULL),(767,5,'2025-01-22',93.00,95.27,92.00,94.85,3402233,93.00,95.27,92.00,94.85,3402233,NULL),(768,5,'2025-01-23',93.73,100.92,93.48,98.18,7145895,93.73,100.92,93.48,98.18,7145895,NULL),(769,5,'2025-01-24',99.23,101.44,96.26,96.62,3038098,99.23,101.44,96.26,96.62,3038098,NULL),(770,5,'2025-01-27',84.60,86.00,74.89,76.29,8227777,84.60,86.00,74.89,76.29,8227777,NULL),(771,5,'2025-01-28',79.02,81.19,77.20,80.05,4677324,79.02,81.19,77.20,80.05,4677324,NULL),(772,5,'2025-01-29',80.94,82.40,80.27,81.36,2279250,80.94,82.40,80.27,81.36,2279250,NULL),(773,5,'2025-01-30',83.97,86.54,83.24,84.65,2449059,83.97,86.54,83.24,84.65,2449059,NULL),(774,5,'2025-01-31',85.23,87.56,84.77,87.14,2354721,85.23,87.56,84.77,87.14,2354721,NULL),(775,5,'2025-02-03',83.41,85.98,81.65,85.12,2149795,83.41,85.98,81.65,85.12,2149795,NULL),(776,5,'2025-02-04',85.40,87.91,85.22,87.50,2299890,85.40,87.91,85.22,87.50,2299890,NULL),(777,5,'2025-02-05',88.58,92.39,88.01,92.08,2614575,88.58,92.39,88.01,92.08,2614575,NULL),(778,5,'2025-02-06',93.31,94.79,91.59,93.12,2937202,93.31,94.79,91.59,93.12,2937202,NULL),(779,5,'2025-02-07',93.23,94.20,89.41,89.71,1765426,93.23,94.20,89.41,89.71,1765426,NULL),(780,5,'2025-02-10',90.13,91.49,89.18,90.11,1357827,90.13,91.49,89.18,90.11,1357827,NULL),(781,5,'2025-02-11',89.00,89.54,87.15,87.49,1386450,89.00,89.54,87.15,87.49,1386450,NULL),(782,5,'2025-02-12',84.00,88.81,83.65,88.80,1844538,84.00,88.81,83.65,88.80,1844538,NULL),(783,5,'2025-02-13',90.00,90.32,88.09,88.85,1535404,90.00,90.32,88.09,88.85,1535404,NULL),(784,5,'2025-02-14',88.48,90.01,88.01,89.80,1518319,88.48,90.01,88.01,89.80,1518319,NULL),(785,5,'2025-02-18',90.16,92.43,88.40,89.65,2023254,90.16,92.43,88.40,89.65,2023254,NULL),(786,5,'2025-02-19',88.45,89.15,86.37,87.05,1993774,88.45,89.15,86.37,87.05,1993774,NULL),(787,5,'2025-02-20',86.81,87.55,85.18,86.45,2628161,86.81,87.55,85.18,86.45,2628161,NULL),(788,5,'2025-02-21',86.70,87.99,83.59,84.08,1885006,86.70,87.99,83.59,84.08,1885006,NULL),(789,5,'2025-02-24',83.90,84.08,79.94,80.43,3203342,83.90,84.08,79.94,80.43,3203342,NULL),(790,5,'2025-02-25',79.83,81.83,75.88,78.29,2436820,79.83,81.83,75.88,78.29,2436820,NULL),(791,5,'2025-02-26',80.88,82.10,79.62,80.77,2192862,80.88,82.10,79.62,80.77,2192862,NULL),(792,5,'2025-02-27',82.21,82.25,77.79,78.03,1698343,82.21,82.25,77.79,78.03,1698343,NULL),(793,5,'2025-02-28',77.27,79.66,75.61,79.57,3393298,77.27,79.66,75.61,79.57,3393298,NULL),(794,5,'2025-03-03',79.50,80.55,73.42,74.69,3579083,79.50,80.55,73.42,74.69,3579083,NULL),(795,5,'2025-03-04',72.90,75.74,70.48,74.31,3295940,72.90,75.74,70.48,74.31,3295940,NULL),(796,5,'2025-03-05',73.85,75.32,72.76,75.25,1816658,73.85,75.32,72.76,75.25,1816658,NULL),(797,5,'2025-03-06',72.24,72.97,68.00,68.43,3100913,72.24,72.97,68.00,68.43,3100913,NULL),(798,5,'2025-03-07',68.63,69.07,64.65,68.93,3327359,68.63,69.07,64.65,68.93,3327359,NULL),(799,5,'2025-03-10',65.83,66.92,64.01,65.53,4175911,65.83,66.92,64.01,65.53,4175911,NULL),(800,5,'2025-03-11',61.78,66.48,59.31,63.95,8388245,61.78,66.48,59.31,63.95,8388245,NULL),(801,5,'2025-03-12',66.21,67.17,64.26,66.40,3288380,66.21,67.17,64.26,66.40,3288380,NULL),(802,5,'2025-03-13',65.75,66.11,60.77,62.31,2964584,65.75,66.11,60.77,62.31,2964584,NULL),(803,5,'2025-03-14',64.05,64.68,62.64,63.84,3305826,64.05,64.68,62.64,63.84,3305826,NULL),(804,5,'2025-03-17',63.36,66.26,63.36,65.68,2109662,63.36,66.26,63.36,65.68,2109662,NULL),(805,5,'2025-03-18',64.83,65.29,63.65,64.33,1672495,64.83,65.29,63.65,64.33,1672495,NULL),(806,5,'2025-03-19',64.67,66.72,64.24,65.90,1658221,64.67,66.72,64.24,65.90,1658221,NULL),(807,5,'2025-03-20',64.99,66.75,64.99,65.63,1130934,64.99,66.75,64.99,65.63,1130934,NULL),(808,5,'2025-03-21',64.60,65.62,63.74,65.56,2539036,64.60,65.62,63.74,65.56,2539036,NULL),(809,5,'2025-03-24',69.08,69.68,67.50,69.53,1644029,69.08,69.68,67.50,69.53,1644029,NULL),(810,5,'2025-03-25',69.28,70.57,69.00,69.42,1966016,69.28,70.57,69.00,69.42,1966016,NULL),(811,5,'2025-03-26',69.10,69.56,65.26,65.76,2278967,69.10,69.56,65.26,65.76,2278967,NULL),(812,5,'2025-03-27',64.81,65.64,62.49,62.86,3517960,64.81,65.64,62.49,62.86,3517960,NULL),(813,5,'2025-03-28',62.65,63.31,61.00,61.56,2157726,62.65,63.31,61.00,61.56,2157726,NULL),(814,5,'2025-03-31',59.68,60.65,58.04,60.43,3553649,59.68,60.65,58.04,60.43,3553649,NULL),(815,5,'2025-04-01',60.51,61.58,59.16,61.54,2018317,60.51,61.58,59.16,61.54,2018317,NULL),(816,5,'2025-04-02',59.99,66.77,59.99,65.03,3700012,59.99,66.77,59.99,65.03,3700012,NULL),(817,5,'2025-04-03',59.61,61.28,56.07,56.19,2391599,59.61,61.28,56.07,56.19,2391599,NULL),(818,5,'2025-04-04',52.76,54.43,49.21,53.50,5780365,52.76,54.43,49.21,53.50,5780365,NULL),(819,5,'2025-04-07',50.17,58.79,50.15,55.22,3083242,50.17,58.79,50.15,55.22,3083242,NULL),(820,5,'2025-04-08',57.49,59.18,52.98,54.03,2563326,57.49,59.18,52.98,54.03,2563326,NULL),(821,5,'2025-04-09',53.65,63.69,53.18,61.99,3358139,53.65,63.69,53.18,61.99,3358139,NULL),(822,5,'2025-04-10',59.59,60.64,56.37,58.36,1911942,59.59,60.64,56.37,58.36,1911942,NULL),(823,5,'2025-04-11',57.86,59.60,56.75,58.78,2033108,57.86,59.60,56.75,58.78,2033108,NULL),(824,5,'2025-04-14',61.22,61.86,58.18,58.50,1273756,61.22,61.86,58.18,58.50,1273756,NULL),(825,5,'2025-04-15',58.51,60.23,58.34,59.38,1232700,58.51,60.23,58.34,59.38,1232700,NULL),(826,5,'2025-04-16',57.54,59.91,57.54,58.87,1003845,57.54,59.91,57.54,58.87,1003845,NULL),(827,5,'2025-04-17',59.75,60.67,58.76,60.14,1959447,59.75,60.67,58.76,60.14,1959447,NULL),(828,5,'2025-04-21',59.01,59.44,56.94,57.84,1142112,59.01,59.44,56.94,57.84,1142112,NULL),(829,5,'2025-04-22',58.64,60.10,58.64,59.50,1201075,58.64,60.10,58.64,59.50,1201075,NULL),(830,5,'2025-04-23',63.77,66.68,62.31,62.59,2672186,63.77,66.68,62.31,62.59,2672186,NULL),(831,5,'2025-04-24',62.74,64.98,62.42,64.29,984715,62.74,64.98,62.42,64.29,984715,NULL),(832,5,'2025-04-25',64.20,66.04,63.99,65.94,1600991,64.20,66.04,63.99,65.94,1600991,NULL),(833,5,'2025-04-28',65.41,67.49,65.41,66.48,1696808,65.41,67.49,65.41,66.48,1696808,NULL),(834,5,'2025-04-29',66.36,67.56,66.19,67.36,1264931,66.36,67.56,66.19,67.36,1264931,NULL),(835,5,'2025-04-30',65.06,67.26,64.71,67.16,1739132,65.06,67.26,64.71,67.16,1739132,NULL),(836,5,'2025-05-01',69.50,72.73,69.06,71.43,3039417,69.50,72.73,69.06,71.43,3039417,NULL),(837,5,'2025-05-02',72.23,73.85,72.23,72.85,1854237,72.23,73.85,72.23,72.85,1854237,NULL),(838,5,'2025-05-05',71.68,73.93,71.30,72.91,1375564,71.68,73.93,71.30,72.91,1375564,NULL),(839,5,'2025-05-06',70.90,73.11,70.67,72.66,1158903,70.90,73.11,70.67,72.66,1158903,NULL),(840,5,'2025-05-07',72.63,73.85,71.90,73.34,1710880,72.63,73.85,71.90,73.34,1710880,NULL),(841,5,'2025-05-08',74.47,75.68,73.69,74.78,1581285,74.47,75.68,73.69,74.78,1581285,NULL),(842,5,'2025-05-09',75.38,75.81,73.71,74.74,882241,75.38,75.81,73.71,74.74,882241,NULL),(843,5,'2025-05-12',78.58,79.67,77.16,79.01,1514686,78.58,79.67,77.16,79.01,1514686,NULL),(844,5,'2025-05-13',79.05,81.41,78.63,80.59,1438609,79.05,81.41,78.63,80.59,1438609,NULL),(845,5,'2025-05-14',80.98,81.48,78.84,79.53,1876317,80.98,81.48,78.84,79.53,1876317,NULL),(846,5,'2025-05-15',78.67,80.56,78.46,79.80,1405950,78.67,80.56,78.46,79.80,1405950,NULL),(847,5,'2025-05-16',80.08,81.30,79.45,81.24,1271816,80.08,81.30,79.45,81.24,1271816,NULL),(848,5,'2025-05-19',79.50,81.34,79.00,80.99,761832,79.50,81.34,79.00,80.99,761832,NULL),(849,5,'2025-05-20',80.90,81.09,80.26,81.05,761586,80.90,81.09,80.26,81.05,761586,NULL),(850,5,'2025-05-21',79.93,82.21,79.60,79.92,1249013,79.93,82.21,79.60,79.92,1249013,NULL),(851,5,'2025-05-22',80.18,81.25,79.67,80.12,929164,80.18,81.25,79.67,80.12,929164,NULL),(852,5,'2025-05-23',78.01,80.53,77.14,80.22,705328,78.01,80.53,77.14,80.22,705328,NULL),(853,5,'2025-05-27',83.13,83.49,81.67,82.35,1354091,83.13,83.49,81.67,82.35,1354091,NULL),(854,5,'2025-05-28',82.65,83.05,81.86,82.70,1301109,82.65,83.05,81.86,82.70,1301109,NULL),(855,5,'2025-05-29',83.19,83.40,81.44,81.55,1122030,83.19,83.40,81.44,81.55,1122030,NULL),(856,5,'2025-05-30',80.14,80.67,78.45,80.06,2302904,80.14,80.67,78.45,80.06,2302904,NULL),(857,5,'2025-06-02',80.15,81.75,79.27,81.75,2591345,80.15,81.75,79.27,81.75,2591345,NULL),(858,5,'2025-06-03',82.42,83.34,81.05,83.26,2690754,82.42,83.34,81.05,83.26,2690754,NULL),(859,5,'2025-06-04',84.67,86.21,83.24,83.89,4094893,84.67,86.21,83.24,83.89,4094893,NULL),(860,5,'2025-06-05',76.85,79.51,70.77,73.05,11621308,76.85,79.51,70.77,73.05,11621308,NULL),(861,5,'2025-06-06',73.88,74.44,71.75,72.72,3207199,73.88,74.44,71.75,72.72,3207199,NULL),(862,5,'2025-06-09',73.03,74.62,71.70,72.46,3397530,73.03,74.62,71.70,72.46,3397530,NULL),(863,5,'2025-06-10',72.73,73.10,70.85,72.44,3878773,72.73,73.10,70.85,72.44,3878773,NULL),(864,5,'2025-06-11',72.95,73.25,71.52,72.22,2769232,72.95,73.25,71.52,72.22,2769232,NULL),(865,5,'2025-06-12',71.52,74.20,71.52,74.13,2160924,71.52,74.20,71.52,74.13,2160924,NULL),(866,5,'2025-06-13',72.72,73.67,71.72,72.16,1845237,72.72,73.67,71.72,72.16,1845237,NULL),(867,5,'2025-06-16',72.60,74.93,72.56,73.76,1854400,72.60,74.93,72.56,73.76,1854400,NULL),(868,5,'2025-06-17',73.02,74.55,72.96,73.45,1566453,73.02,74.55,72.96,73.45,1566453,NULL),(869,5,'2025-06-18',74.14,74.75,73.23,73.82,1496917,74.14,74.75,73.23,73.82,1496917,NULL),(870,5,'2025-06-20',74.43,75.56,73.96,74.53,2813684,74.43,75.56,73.96,74.53,2813684,NULL),(871,5,'2025-06-23',73.96,75.72,73.55,75.44,2061647,73.96,75.72,73.55,75.44,2061647,NULL),(872,5,'2025-06-24',77.00,79.87,76.06,79.35,2945273,77.00,79.87,76.06,79.35,2945273,NULL),(873,5,'2025-06-25',79.75,80.24,78.35,79.43,1821743,79.75,80.24,78.35,79.43,1821743,NULL),(874,5,'2025-06-26',80.06,82.45,79.79,81.51,3138911,80.06,82.45,79.79,81.51,3138911,NULL),(875,5,'2025-06-27',81.93,82.41,80.70,82.12,3397430,81.93,82.41,80.70,82.12,3397430,NULL),(876,5,'2025-06-30',82.94,83.28,81.25,81.33,1822869,82.94,83.28,81.25,81.33,1822869,NULL),(877,5,'2025-07-01',80.50,81.36,79.07,80.11,2042655,80.50,81.36,79.07,80.11,2042655,NULL),(878,5,'2025-07-02',79.16,80.07,78.09,79.52,3045227,79.16,80.07,78.09,79.52,3045227,NULL),(879,5,'2025-07-03',79.76,81.84,79.76,81.38,1082538,79.76,81.84,79.76,81.38,1082538,NULL),(880,5,'2025-07-07',80.81,81.27,79.41,80.13,1591007,80.81,81.27,79.41,80.13,1591007,NULL),(881,5,'2025-07-08',77.25,79.88,77.11,78.66,3457846,77.25,79.88,77.11,78.66,3457846,NULL),(882,5,'2025-07-09',79.21,79.88,78.29,79.33,1330316,79.21,79.88,78.29,79.33,1330316,NULL),(883,5,'2025-07-10',79.74,79.74,77.40,78.45,2332698,79.74,79.74,77.40,78.45,2332698,NULL),(884,5,'2025-07-11',77.98,78.29,77.10,77.75,1638173,77.98,78.29,77.10,77.75,1638173,NULL),(885,5,'2025-07-14',77.48,81.47,76.89,81.42,3647286,77.48,81.47,76.89,81.42,3647286,NULL),(886,5,'2025-07-15',82.57,83.21,81.38,82.61,3086079,82.57,83.21,81.38,82.61,3086079,NULL),(887,5,'2025-07-16',82.87,84.44,80.83,84.12,2534212,82.87,84.44,80.83,84.12,2534212,NULL),(888,5,'2025-07-17',84.65,85.40,83.90,84.81,1760606,84.65,85.40,83.90,84.81,1760606,NULL),(889,5,'2025-07-18',85.13,85.63,84.33,84.98,1784662,85.13,85.63,84.33,84.98,1784662,NULL),(890,5,'2025-07-21',84.50,85.88,83.40,85.47,1162854,84.50,85.88,83.40,85.47,1162854,NULL),(891,5,'2025-07-22',85.75,85.77,83.20,84.36,1680304,85.75,85.77,83.20,84.36,1680304,NULL),(892,5,'2025-07-23',84.95,87.29,84.38,86.75,1503625,84.95,87.29,84.38,86.75,1503625,NULL),(893,5,'2025-07-24',87.01,87.67,86.38,87.19,1708775,87.01,87.67,86.38,87.19,1708775,NULL),(894,5,'2025-07-25',87.68,88.92,86.84,88.60,1116062,87.68,88.92,86.84,88.60,1116062,NULL),(895,5,'2025-07-28',88.75,90.76,88.25,90.55,1136530,88.75,90.76,88.25,90.55,1136530,NULL),(896,5,'2025-07-29',92.00,93.48,90.81,91.07,2215518,92.00,93.48,90.81,91.07,2215518,NULL),(897,5,'2025-07-30',91.40,93.01,91.17,92.95,1426233,91.40,93.01,91.17,92.95,1426233,NULL),(898,5,'2025-07-31',94.01,95.51,92.79,92.84,1980277,94.01,95.51,92.79,92.84,1980277,NULL),(899,5,'2025-08-01',90.16,90.68,87.30,88.63,2151943,90.16,90.68,87.30,88.63,2151943,NULL),(900,5,'2025-08-04',89.42,92.90,88.65,92.67,1434312,89.42,92.90,88.65,92.67,1434312,NULL),(901,5,'2025-08-05',93.02,93.12,90.47,91.49,1470727,93.02,93.12,90.47,91.49,1470727,NULL),(902,5,'2025-08-06',92.61,94.34,91.65,94.31,1363498,92.61,94.34,91.65,94.31,1363498,NULL),(903,5,'2025-08-07',95.07,95.80,93.44,95.18,1216389,95.07,95.80,93.44,95.18,1216389,NULL),(904,5,'2025-08-08',96.00,96.43,94.63,95.06,2021378,96.00,96.43,94.63,95.06,2021378,NULL),(905,5,'2025-08-11',94.75,95.71,93.16,93.38,1409376,94.75,95.71,93.16,93.38,1409376,NULL),(906,5,'2025-08-12',93.58,96.56,93.50,96.40,1488541,93.58,96.56,93.50,96.40,1488541,NULL),(907,5,'2025-08-13',97.00,98.19,94.08,94.66,1547894,97.00,98.19,94.08,94.66,1547894,NULL),(908,5,'2025-08-14',92.88,93.40,89.09,91.42,2612707,92.88,93.40,89.09,91.42,2612707,NULL),(909,5,'2025-08-15',90.94,91.70,89.52,90.87,1478835,90.94,91.70,89.52,90.87,1478835,NULL),(910,5,'2025-08-18',90.46,92.21,90.10,91.93,1077649,90.46,92.21,90.10,91.93,1077649,NULL),(911,5,'2025-08-19',91.01,91.37,88.45,88.77,1593822,91.01,91.37,88.45,88.77,1593822,NULL),(912,5,'2025-08-20',87.87,88.00,84.41,86.64,1889743,87.87,88.00,84.41,86.64,1889743,NULL),(913,5,'2025-08-21',86.34,87.63,86.00,87.36,1496080,86.34,87.63,86.00,87.36,1496080,NULL),(914,5,'2025-08-22',87.54,90.45,87.25,89.81,1971325,87.54,90.45,87.25,89.81,1971325,NULL),(915,5,'2025-08-25',90.12,91.12,89.41,90.74,1663773,90.12,91.12,89.41,90.74,1663773,NULL),(916,5,'2025-08-26',91.09,92.52,90.65,91.49,1187162,91.09,92.52,90.65,91.49,1187162,NULL),(917,5,'2025-08-27',91.43,94.04,91.43,92.74,1657631,91.43,94.04,91.43,92.74,1657631,NULL),(918,5,'2025-08-28',93.00,98.88,92.87,97.89,2790447,93.00,98.88,92.87,97.89,2790447,NULL),(919,5,'2025-08-29',97.25,97.55,93.47,93.97,2230701,97.25,97.55,93.47,93.97,2230701,NULL),(920,5,'2025-09-02',92.68,93.61,90.00,93.59,2702432,92.68,93.61,90.00,93.59,2702432,NULL),(921,5,'2025-09-03',93.74,95.21,92.46,94.82,5664232,93.74,95.21,92.46,94.82,5664232,NULL),(922,5,'2025-09-04',115.00,122.00,110.90,116.92,11296480,115.00,122.00,110.90,116.92,11296480,NULL),(923,5,'2025-09-05',115.86,117.06,113.66,116.69,4410394,115.86,117.06,113.66,116.69,4410394,NULL),(924,5,'2025-09-08',118.45,120.18,117.02,119.00,2593260,118.45,120.18,117.02,119.00,2593260,NULL),(925,5,'2025-09-09',119.00,122.27,117.94,122.19,2132139,119.00,122.27,117.94,122.19,2132139,NULL),(926,5,'2025-09-10',123.81,131.40,123.65,129.86,3432065,123.81,131.40,123.65,129.86,3432065,NULL),(927,5,'2025-09-11',131.00,134.31,130.00,132.50,3381503,131.00,134.31,130.00,132.50,3381503,NULL),(928,5,'2025-09-12',132.22,133.28,130.13,131.28,2778218,132.22,133.28,130.13,131.28,2778218,NULL),(929,5,'2025-09-15',132.00,138.35,131.45,135.90,3375837,132.00,138.35,131.45,135.90,3375837,NULL),(930,5,'2025-09-16',136.39,137.64,133.94,137.48,2906967,136.39,137.64,133.94,137.48,2906967,NULL),(931,5,'2025-09-17',139.55,139.55,132.93,136.38,3196798,139.55,139.55,132.93,136.38,3196798,NULL),(932,5,'2025-09-18',138.70,139.74,137.45,138.04,2048119,138.70,139.74,137.45,138.04,2048119,NULL),(933,5,'2025-09-19',137.71,138.96,136.07,138.37,3153562,137.71,138.96,136.07,138.37,3153562,NULL),(934,5,'2025-09-22',138.06,139.44,136.33,139.31,2613193,138.06,139.44,136.33,139.31,2613193,NULL),(935,5,'2025-09-23',139.85,141.43,138.13,139.48,2846229,139.85,141.43,138.13,139.48,2846229,NULL),(936,5,'2025-09-24',139.38,140.21,136.04,138.42,2367329,139.38,140.21,136.04,138.42,2367329,NULL),(937,5,'2025-09-25',134.51,137.61,133.67,137.17,2808129,134.51,137.61,133.67,137.17,2808129,NULL),(938,5,'2025-09-26',140.24,143.79,138.12,141.93,3796081,140.24,143.79,138.12,141.93,3796081,NULL),(939,5,'2025-09-29',145.81,146.51,143.00,144.12,2318615,145.81,146.51,143.00,144.12,2318615,NULL),(940,5,'2025-09-30',144.52,146.53,143.76,145.67,2088155,144.52,146.53,143.76,145.67,2088155,NULL),(941,5,'2025-10-01',144.24,151.89,143.19,151.72,3107595,144.24,151.89,143.19,151.72,3107595,NULL),(942,5,'2025-10-02',153.23,153.61,148.02,152.66,2280349,153.23,153.61,148.02,152.66,2280349,NULL),(943,5,'2025-10-03',153.55,154.02,150.27,151.45,1762382,153.55,154.02,150.27,151.45,1762382,NULL),(944,5,'2025-10-06',152.68,159.43,151.64,153.25,3005677,152.68,159.43,151.64,153.25,3005677,NULL),(945,5,'2025-10-07',154.00,155.20,147.36,151.48,2718482,154.00,155.20,147.36,151.48,2718482,NULL),(946,5,'2025-10-08',152.70,159.85,152.55,159.66,1981300,152.70,159.85,152.55,159.66,1981300,NULL),(947,5,'2025-10-09',158.13,164.02,157.16,163.61,2365981,158.13,164.02,157.16,163.61,2365981,NULL),(948,5,'2025-10-10',165.24,165.24,153.27,155.94,3059253,165.24,165.24,153.27,155.94,3059253,NULL),(949,5,'2025-10-13',164.00,167.34,160.10,164.78,2884671,164.00,167.34,160.10,164.78,2884671,NULL),(950,5,'2025-10-14',161.55,167.28,159.01,164.82,1738638,161.55,167.28,159.01,164.82,1738638,NULL),(951,5,'2025-10-15',168.99,172.92,166.89,168.71,2401762,168.99,172.92,166.89,168.71,2401762,NULL),(952,5,'2025-10-16',170.43,176.88,170.05,170.78,2615934,170.43,176.88,170.05,170.78,2615934,NULL),(953,5,'2025-10-17',169.48,173.06,165.08,170.95,1965779,169.48,173.06,165.08,170.95,1965779,NULL),(954,5,'2025-10-20',173.63,177.79,171.95,173.12,2011113,173.63,177.79,171.95,173.12,2011113,NULL),(955,5,'2025-10-21',172.81,174.08,169.11,169.71,2083714,172.81,174.08,169.11,169.71,2083714,NULL),(956,5,'2025-10-22',170.44,173.47,159.56,164.48,3091089,170.44,173.47,159.56,164.48,3091089,NULL),(957,5,'2025-10-23',164.48,173.84,164.13,172.58,2242312,164.48,173.84,164.13,172.58,2242312,NULL),(958,5,'2025-10-24',175.83,181.05,175.59,179.05,1851416,175.83,181.05,175.59,179.05,1851416,NULL),(959,5,'2025-10-27',182.63,186.32,180.92,182.54,1909546,182.63,186.32,180.92,182.54,1909546,NULL),(960,5,'2025-10-28',182.26,184.98,173.80,183.04,2597271,182.26,184.98,173.80,183.04,2597271,NULL),(961,5,'2025-10-29',184.70,193.12,184.50,189.27,2589072,184.70,193.12,184.50,189.27,2589072,NULL),(962,5,'2025-10-30',188.17,193.74,186.13,188.96,1940986,188.17,193.74,186.13,188.96,1940986,NULL),(963,5,'2025-10-31',189.59,193.03,185.27,189.92,2146403,189.59,193.03,185.27,189.92,2146403,NULL),(964,5,'2025-11-03',193.34,194.41,187.93,189.56,1725688,193.34,194.41,187.93,189.56,1725688,NULL),(965,5,'2025-11-04',182.53,188.77,177.41,182.87,3044936,182.53,188.77,177.41,182.87,3044936,NULL),(966,5,'2025-11-05',183.99,196.99,182.49,195.81,2772532,183.99,196.99,182.49,195.81,2772532,NULL),(967,5,'2025-11-06',199.41,203.40,195.25,201.46,2830103,199.41,203.40,195.25,201.46,2830103,NULL),(968,5,'2025-11-07',193.00,201.34,190.15,199.26,3331092,193.00,201.34,190.15,199.26,3331092,NULL),(969,5,'2025-11-10',206.80,214.17,205.16,208.74,3523332,206.80,214.17,205.16,208.74,3523332,NULL),(970,5,'2025-11-11',204.53,208.25,200.75,207.43,2880073,204.53,208.25,200.75,207.43,2880073,NULL),(971,5,'2025-11-12',209.94,211.07,206.08,209.52,2188774,209.94,211.07,206.08,209.52,2188774,NULL),(972,5,'2025-11-13',206.99,207.83,191.81,194.21,3621692,206.99,207.83,191.81,194.21,3621692,NULL),(973,5,'2025-11-14',184.05,195.91,183.08,191.71,5734247,184.05,195.91,183.08,191.71,5734247,NULL),(974,5,'2025-11-17',190.80,196.40,188.04,191.78,3143581,190.80,196.40,188.04,191.78,3143581,NULL),(975,5,'2025-11-18',189.03,191.84,182.89,187.00,3498822,189.03,191.84,182.89,187.00,3498822,NULL),(976,5,'2025-11-19',187.93,192.35,184.67,188.78,2725935,187.93,192.35,184.67,188.78,2725935,NULL),(977,5,'2025-11-20',198.11,202.60,175.43,176.45,3939225,198.11,202.60,175.43,176.45,3939225,NULL),(978,5,'2025-11-21',175.97,179.00,168.22,178.26,3812615,175.97,179.00,168.22,178.26,3812615,NULL),(979,5,'2025-11-24',183.05,196.52,182.18,194.70,14026585,183.05,196.52,182.18,194.70,14026585,NULL),(980,5,'2025-11-25',191.51,196.24,187.55,196.24,2114001,191.51,196.24,187.55,196.24,2114001,NULL),(981,5,'2025-11-26',197.36,203.17,195.82,200.29,2033251,197.36,203.17,195.82,200.29,2033251,NULL),(982,5,'2025-11-28',203.80,204.59,201.00,204.21,1262367,203.80,204.59,201.00,204.21,1262367,NULL),(983,5,'2025-12-01',194.49,201.44,192.20,200.92,2303788,194.49,201.44,192.20,200.92,2303788,NULL),(984,5,'2025-12-02',204.03,209.19,198.01,202.50,2282793,204.03,209.19,198.01,202.50,2282793,NULL),(985,5,'2025-12-03',201.00,202.22,186.39,193.35,3809096,201.00,202.22,186.39,193.35,3809096,NULL),(986,5,'2025-12-04',190.56,197.76,190.01,195.73,2447334,190.56,197.76,190.01,195.73,2447334,NULL),(987,5,'2025-12-05',199.63,201.77,194.85,201.71,2332252,199.63,201.77,194.85,201.71,2332252,NULL),(988,5,'2025-12-08',205.00,213.03,203.00,212.93,3724835,205.00,213.03,203.00,212.93,3724835,NULL),(989,5,'2025-12-09',212.93,219.88,212.28,214.35,3268480,212.93,219.88,212.28,214.35,3268480,NULL),(990,5,'2025-12-10',216.50,226.24,214.40,221.85,3822244,216.50,226.24,214.40,221.85,3822244,NULL),(991,5,'2025-12-11',236.35,248.00,222.45,242.37,8607334,236.35,248.00,222.45,242.37,8607334,NULL),(992,5,'2025-12-12',236.00,237.91,215.18,218.44,4664456,236.00,237.91,215.18,218.44,4664456,NULL),(993,5,'2025-12-15',220.84,226.02,215.60,216.18,2686549,220.84,226.02,215.60,216.18,2686549,NULL),(994,5,'2025-12-16',214.46,215.44,206.54,209.84,2727491,214.46,215.44,206.54,209.84,2727491,NULL),(995,5,'2025-12-17',212.85,215.70,201.70,203.90,2365593,212.85,215.70,201.70,203.90,2365593,NULL),(996,5,'2025-12-18',212.00,215.47,209.00,210.71,3057063,212.00,215.47,209.00,210.71,3057063,NULL),(997,5,'2025-12-19',212.74,231.35,212.42,230.34,4528342,212.74,231.35,212.42,230.34,4528342,NULL),(998,5,'2025-12-22',235.00,239.38,230.40,236.75,2811431,235.00,239.38,230.40,236.75,2811431,NULL),(999,5,'2025-12-23',234.75,243.00,234.75,240.29,1802104,234.75,243.00,234.75,240.29,1802104,NULL),(1000,5,'2025-12-24',240.59,242.00,237.93,240.28,833187,240.59,242.00,237.93,240.28,833187,NULL),(1001,5,'2025-12-26',240.90,242.51,238.43,241.68,946948,240.90,242.51,238.43,241.68,946948,NULL),(1002,5,'2025-12-29',237.26,241.23,230.13,239.00,1755855,237.26,241.23,230.13,239.00,1755855,NULL),(1003,5,'2025-12-30',240.17,240.50,236.83,238.36,1162997,240.17,240.50,236.83,238.36,1162997,NULL),(1004,5,'2025-12-31',239.08,239.90,232.41,233.87,1170437,239.08,239.90,232.41,233.87,1170437,NULL),(1005,5,'2026-01-02',241.00,248.50,237.62,246.06,1985028,241.00,248.50,237.62,246.06,1985028,NULL),(1006,5,'2026-01-05',250.34,252.60,223.27,230.90,3215877,250.34,252.60,223.27,230.90,3215877,NULL),(1007,5,'2026-01-06',230.20,254.82,221.12,254.19,3456173,230.20,254.82,221.12,254.19,3456173,NULL),(1008,5,'2026-01-07',253.00,261.13,248.99,259.27,3220749,253.00,261.13,248.99,259.27,3220749,NULL),(1009,5,'2026-01-08',258.26,259.00,221.14,225.21,4574054,258.26,259.00,221.14,225.21,4574054,NULL),(1010,5,'2026-01-09',219.28,230.86,216.07,230.56,2772432,219.28,230.86,216.07,230.56,2772432,NULL),(1011,5,'2026-01-12',227.59,234.27,223.50,234.26,2240021,227.59,234.27,223.50,234.26,2240021,NULL),(1012,5,'2026-01-13',234.90,249.96,234.26,246.42,1699219,234.90,249.96,234.26,246.42,1699219,NULL),(1013,5,'2026-01-14',244.91,245.80,233.17,238.38,1776694,244.91,245.80,233.17,238.38,1776694,NULL),(1014,5,'2026-01-15',245.00,252.20,243.35,243.79,1747677,245.00,252.20,243.35,243.79,1747677,NULL),(1015,5,'2026-01-16',247.09,253.90,241.55,243.42,2056229,247.09,253.90,241.55,243.42,2056229,NULL),(1016,6,'2025-01-17',8.86,9.07,8.86,8.94,59396163,8.09,8.28,8.08,8.16,59396163,NULL),(1017,6,'2025-01-21',8.98,9.01,8.84,8.98,32055624,8.20,8.22,8.07,8.20,32055624,NULL),(1018,6,'2025-01-22',9.03,9.10,8.85,8.87,54050119,8.24,8.31,8.07,8.10,54050119,NULL),(1019,6,'2025-01-23',8.87,8.91,8.78,8.89,47294331,8.10,8.13,8.01,8.11,47294331,NULL),(1020,6,'2025-01-24',9.02,9.08,8.97,8.98,31998962,8.23,8.29,8.19,8.20,31998962,NULL),(1021,6,'2025-01-27',8.96,9.19,8.93,9.16,42584586,8.17,8.39,8.15,8.36,42584586,NULL),(1022,6,'2025-01-28',9.10,9.11,8.99,9.03,33070814,8.31,8.31,8.20,8.24,33070814,NULL),(1023,6,'2025-01-29',9.02,9.17,8.99,9.07,32285426,8.23,8.37,8.21,8.28,32285426,NULL),(1024,6,'2025-01-30',9.16,9.52,9.15,9.39,49521053,8.36,8.69,8.35,8.57,49521053,NULL),(1025,6,'2025-01-31',9.43,9.51,9.29,9.29,41928074,8.61,8.68,8.48,8.48,41928074,NULL),(1026,6,'2025-02-03',9.16,9.38,9.11,9.36,35563722,8.36,8.56,8.32,8.54,35563722,NULL),(1027,6,'2025-02-04',9.42,9.47,9.36,9.43,39983432,8.60,8.64,8.54,8.61,39983432,NULL),(1028,6,'2025-02-05',9.37,9.45,9.34,9.37,33600126,8.55,8.62,8.52,8.55,33600126,NULL),(1029,6,'2025-02-06',9.61,9.68,9.56,9.61,37286034,8.77,8.83,8.72,8.77,37286034,NULL),(1030,6,'2025-02-07',9.68,9.68,9.43,9.47,35975146,8.83,8.83,8.61,8.64,35975146,NULL),(1031,6,'2025-02-10',9.50,9.60,9.49,9.56,22423288,8.67,8.76,8.66,8.72,22423288,NULL),(1032,6,'2025-02-11',9.52,9.60,9.48,9.57,20254412,8.69,8.76,8.65,8.73,20254412,NULL),(1033,6,'2025-02-12',9.58,9.63,9.53,9.56,25367369,8.74,8.79,8.70,8.72,25367369,NULL),(1034,6,'2025-02-13',9.41,9.58,9.36,9.57,26851825,8.59,8.74,8.54,8.73,26851825,NULL),(1035,6,'2025-02-14',9.70,9.82,9.65,9.76,31749143,8.85,8.96,8.81,8.91,31749143,NULL),(1036,6,'2025-02-18',9.80,9.88,9.76,9.81,26121723,8.94,9.01,8.91,8.95,26121723,NULL),(1037,6,'2025-02-19',9.74,9.78,9.63,9.74,31073414,8.89,8.93,8.79,8.89,31073414,NULL),(1038,6,'2025-02-20',9.99,10.28,9.99,10.15,61783712,9.12,9.38,9.12,9.26,61783712,NULL),(1039,6,'2025-02-21',10.18,10.23,10.07,10.11,42834250,9.29,9.34,9.19,9.23,42834250,NULL),(1040,6,'2025-02-24',10.18,10.23,9.95,9.97,34888309,9.29,9.34,9.08,9.10,34888309,NULL),(1041,6,'2025-02-25',9.92,9.96,9.87,9.89,29611894,9.05,9.09,9.01,9.03,29611894,NULL),(1042,6,'2025-02-26',9.96,9.97,9.75,9.76,34061757,9.09,9.10,8.90,8.91,34061757,NULL),(1043,6,'2025-02-27',9.78,9.78,9.62,9.63,27660512,8.93,8.93,8.78,8.79,27660512,NULL),(1044,6,'2025-02-28',9.56,9.60,9.35,9.43,33537794,8.72,8.76,8.53,8.61,33537794,NULL),(1045,6,'2025-03-03',9.60,9.68,9.35,9.39,25193243,8.76,8.83,8.53,8.57,25193243,NULL),(1046,6,'2025-03-04',9.34,9.47,9.21,9.36,27472031,8.52,8.64,8.41,8.54,27472031,NULL),(1047,6,'2025-03-05',9.47,9.74,9.45,9.70,31026543,8.64,8.89,8.62,8.85,31026543,NULL),(1048,6,'2025-03-06',9.76,9.86,9.72,9.78,29942068,8.91,9.00,8.87,8.93,29942068,NULL),(1049,6,'2025-03-07',9.69,9.95,9.67,9.90,30056903,8.84,9.08,8.83,9.04,30056903,NULL),(1050,6,'2025-03-10',9.40,9.47,9.08,9.24,32640241,8.93,8.99,8.62,8.78,32640241,NULL),(1051,6,'2025-03-11',9.29,9.44,9.17,9.40,36471195,8.82,8.97,8.70,8.93,36471195,NULL),(1052,6,'2025-03-12',9.24,9.29,9.16,9.27,28406197,8.78,8.82,8.70,8.80,28406197,NULL),(1053,6,'2025-03-13',9.28,9.54,9.27,9.42,24075733,8.81,9.06,8.80,8.95,24075733,NULL),(1054,6,'2025-03-14',9.65,9.90,9.62,9.81,37639124,9.17,9.40,9.14,9.32,37639124,NULL),(1055,6,'2025-03-17',9.88,10.11,9.87,10.08,34569135,9.38,9.60,9.37,9.57,34569135,NULL),(1056,6,'2025-03-18',10.09,10.21,9.96,10.18,37160426,9.58,9.70,9.45,9.67,37160426,NULL),(1057,6,'2025-03-19',10.13,10.22,10.04,10.19,47709118,9.62,9.71,9.54,9.68,47709118,NULL),(1058,6,'2025-03-20',10.11,10.18,10.06,10.14,31148146,9.60,9.67,9.55,9.63,31148146,NULL),(1059,6,'2025-03-21',10.00,10.09,9.98,10.07,35053391,9.50,9.58,9.48,9.56,35053391,NULL),(1060,6,'2025-03-24',10.14,10.20,9.92,9.94,19496551,9.63,9.69,9.42,9.44,19496551,NULL),(1061,6,'2025-03-25',10.08,10.16,10.05,10.09,27410588,9.57,9.65,9.55,9.58,27410588,NULL),(1062,6,'2025-03-26',10.09,10.15,10.06,10.13,22941976,9.58,9.64,9.55,9.62,22941976,NULL),(1063,6,'2025-03-27',10.07,10.20,10.06,10.17,20042826,9.56,9.69,9.55,9.66,20042826,NULL),(1064,6,'2025-03-28',10.12,10.17,10.01,10.04,21447082,9.61,9.65,9.51,9.54,21447082,NULL),(1065,6,'2025-03-31',9.85,10.00,9.76,9.98,28351443,9.36,9.50,9.27,9.48,28351443,NULL),(1066,6,'2025-04-01',10.06,10.22,10.04,10.10,20845103,9.55,9.71,9.54,9.59,20845103,NULL),(1067,6,'2025-04-02',10.11,10.11,9.94,10.09,24525657,9.60,9.60,9.44,9.58,24525657,NULL),(1068,6,'2025-04-03',9.98,10.12,9.71,9.73,52912240,9.48,9.61,9.22,9.24,52912240,NULL),(1069,6,'2025-04-04',9.29,9.30,8.87,9.08,73667801,8.82,8.83,8.42,8.62,73667801,NULL),(1070,6,'2025-04-07',8.79,9.20,8.64,8.83,76246990,8.35,8.74,8.21,8.39,76246990,NULL),(1071,6,'2025-04-08',9.00,9.01,8.17,8.26,68739025,8.55,8.56,7.76,7.85,68739025,NULL),(1072,6,'2025-04-09',8.15,8.92,8.06,8.86,87806159,7.74,8.47,7.65,8.41,87806159,NULL),(1073,6,'2025-04-10',8.89,9.04,8.67,8.90,70888424,8.44,8.59,8.23,8.45,70888424,NULL),(1074,6,'2025-04-11',9.01,9.28,8.94,9.22,38903817,8.56,8.81,8.49,8.76,38903817,NULL),(1075,6,'2025-04-14',9.36,9.44,9.23,9.27,36387232,8.89,8.97,8.77,8.80,36387232,NULL),(1076,6,'2025-04-15',9.31,9.34,9.10,9.13,23790347,8.84,8.87,8.64,8.67,23790347,NULL),(1077,6,'2025-04-16',9.05,9.08,8.93,9.00,25841871,8.60,8.62,8.48,8.55,25841871,NULL),(1078,6,'2025-04-17',8.99,9.20,8.98,9.11,26700075,8.54,8.74,8.53,8.65,26700075,NULL),(1079,6,'2025-04-21',9.13,9.17,9.04,9.12,21868927,8.67,8.71,8.59,8.66,21868927,NULL),(1080,6,'2025-04-22',9.19,9.51,9.18,9.44,42473818,8.73,9.03,8.71,8.97,42473818,NULL),(1081,6,'2025-04-23',9.66,9.78,9.54,9.55,29221613,9.17,9.29,9.06,9.07,29221613,NULL),(1082,6,'2025-04-24',9.71,9.82,9.66,9.75,30354489,9.22,9.33,9.17,9.26,30354489,NULL),(1083,6,'2025-04-25',9.55,9.59,9.44,9.50,33335108,9.07,9.11,8.97,9.02,33335108,NULL),(1084,6,'2025-04-28',9.51,9.62,9.48,9.60,22812167,9.03,9.14,9.00,9.12,22812167,NULL),(1085,6,'2025-04-29',9.61,9.63,9.55,9.60,24683288,9.13,9.15,9.07,9.12,24683288,NULL),(1086,6,'2025-04-30',9.31,9.43,9.29,9.31,30129691,8.84,8.96,8.82,8.84,30129691,NULL),(1087,6,'2025-05-01',9.31,9.39,9.18,9.24,18480335,8.84,8.92,8.72,8.78,18480335,NULL),(1088,6,'2025-05-02',9.44,9.52,9.32,9.37,21566811,8.97,9.04,8.85,8.90,21566811,NULL),(1089,6,'2025-05-05',9.42,9.43,9.30,9.31,16698576,8.94,8.96,8.83,8.84,16698576,NULL),(1090,6,'2025-05-06',9.35,9.40,9.30,9.31,17114056,8.88,8.92,8.83,8.84,17114056,NULL),(1091,6,'2025-05-07',9.32,9.34,9.17,9.22,20663528,8.85,8.87,8.71,8.76,20663528,NULL),(1092,6,'2025-05-08',9.31,9.43,9.27,9.30,28406006,8.84,8.96,8.80,8.83,28406006,NULL),(1093,6,'2025-05-09',9.35,9.39,9.31,9.36,19632067,8.88,8.92,8.84,8.89,19632067,NULL),(1094,6,'2025-05-12',9.71,9.77,9.54,9.60,25166454,9.22,9.28,9.06,9.12,25166454,NULL),(1095,6,'2025-05-13',9.66,9.92,9.65,9.88,30990519,9.17,9.42,9.17,9.38,30990519,NULL),(1096,6,'2025-05-14',9.92,9.93,9.76,9.79,25437270,9.42,9.43,9.27,9.30,25437270,NULL),(1097,6,'2025-05-15',9.81,9.89,9.76,9.81,26677170,9.32,9.39,9.27,9.32,26677170,NULL),(1098,6,'2025-05-16',9.68,9.85,9.62,9.80,21490064,9.19,9.36,9.14,9.31,21490064,NULL),(1099,6,'2025-05-19',9.70,9.86,9.70,9.83,23440087,9.21,9.36,9.21,9.34,23440087,NULL),(1100,6,'2025-05-20',9.80,9.82,9.71,9.78,17167930,9.31,9.33,9.22,9.29,17167930,NULL),(1101,6,'2025-05-21',9.78,9.78,9.64,9.65,22641956,9.29,9.29,9.16,9.17,22641956,NULL),(1102,6,'2025-05-22',9.63,9.75,9.55,9.58,34489636,9.15,9.26,9.07,9.10,34489636,NULL),(1103,6,'2025-05-23',9.43,9.63,9.42,9.60,31061237,8.96,9.15,8.95,9.12,31061237,NULL),(1104,6,'2025-05-27',9.54,9.58,9.48,9.54,22266741,9.06,9.10,9.00,9.06,22266741,NULL),(1105,6,'2025-05-28',9.46,9.46,9.33,9.37,29963477,8.98,8.98,8.86,8.90,29963477,NULL),(1106,6,'2025-05-29',9.48,9.51,9.41,9.44,26528953,9.00,9.03,8.94,8.97,26528953,NULL),(1107,6,'2025-05-30',9.37,9.37,9.11,9.13,41903968,8.90,8.90,8.65,8.67,41903968,NULL),(1108,6,'2025-06-02',9.25,9.31,9.21,9.27,25068002,8.78,8.84,8.75,8.80,25068002,NULL),(1109,6,'2025-06-03',9.19,9.35,9.12,9.31,27835755,8.73,8.88,8.66,8.84,27835755,NULL),(1110,6,'2025-06-04',9.39,9.51,9.35,9.35,31301959,8.92,9.03,8.88,8.88,31301959,NULL),(1111,6,'2025-06-05',9.54,9.62,9.47,9.50,32904070,9.06,9.14,8.99,9.02,32904070,NULL),(1112,6,'2025-06-06',9.51,9.55,9.41,9.49,28727675,9.03,9.07,8.94,9.01,28727675,NULL),(1113,6,'2025-06-09',9.50,9.58,9.42,9.58,33646049,9.02,9.10,8.95,9.10,33646049,NULL),(1114,6,'2025-06-10',9.60,9.74,9.59,9.66,30561138,9.12,9.25,9.11,9.17,30561138,NULL),(1115,6,'2025-06-11',9.66,9.70,9.55,9.61,28707260,9.17,9.21,9.07,9.13,28707260,NULL),(1116,6,'2025-06-12',9.54,9.60,9.48,9.54,23403395,9.06,9.12,9.00,9.06,23403395,NULL),(1117,6,'2025-06-13',9.39,9.48,9.36,9.46,26562981,8.92,9.00,8.89,8.98,26562981,NULL),(1118,6,'2025-06-16',9.54,9.86,9.53,9.82,46647647,9.06,9.36,9.05,9.33,46647647,NULL),(1119,6,'2025-06-17',9.75,9.77,9.34,9.35,95010579,9.26,9.28,8.87,8.88,95010579,NULL),(1120,6,'2025-06-18',9.40,9.46,9.28,9.30,32767147,8.93,8.98,8.81,8.83,32767147,NULL),(1121,6,'2025-06-20',9.28,9.28,9.02,9.06,64685275,8.81,8.81,8.57,8.60,64685275,NULL),(1122,6,'2025-06-23',9.05,9.19,9.01,9.18,38963255,8.60,8.73,8.56,8.72,38963255,NULL),(1123,6,'2025-06-24',9.18,9.21,9.12,9.21,34861505,8.72,8.75,8.66,8.75,34861505,NULL),(1124,6,'2025-06-25',9.05,9.12,8.97,9.06,39327432,8.60,8.66,8.52,8.60,39327432,NULL),(1125,6,'2025-06-26',9.28,9.50,9.27,9.47,87645551,8.81,9.02,8.80,8.99,87645551,NULL),(1126,6,'2025-06-27',9.51,9.75,9.48,9.74,66578974,9.03,9.26,9.00,9.25,66578974,NULL),(1127,6,'2025-06-30',9.62,9.75,9.61,9.71,45313707,9.14,9.26,9.13,9.22,45313707,NULL),(1128,6,'2025-07-01',9.70,9.87,9.65,9.82,49735963,9.21,9.37,9.17,9.33,49735963,NULL),(1129,6,'2025-07-02',9.99,10.31,9.92,10.28,109623151,9.49,9.79,9.42,9.76,109623151,NULL),(1130,6,'2025-07-03',10.23,10.37,10.17,10.22,23864295,9.72,9.85,9.66,9.71,23864295,NULL),(1131,6,'2025-07-07',10.08,10.14,9.89,9.94,35574464,9.57,9.63,9.39,9.44,35574464,NULL),(1132,6,'2025-07-08',10.01,10.21,9.98,9.99,49347679,9.50,9.70,9.48,9.49,49347679,NULL),(1133,6,'2025-07-09',10.02,10.02,9.81,9.86,35222317,9.52,9.52,9.32,9.36,35222317,NULL),(1134,6,'2025-07-10',10.08,10.32,9.95,9.96,84062832,9.57,9.80,9.45,9.46,84062832,NULL),(1135,6,'2025-07-11',10.01,10.16,9.93,10.14,47689796,9.51,9.65,9.43,9.63,47689796,NULL),(1136,6,'2025-07-14',9.98,10.01,9.86,9.90,28249952,9.48,9.50,9.36,9.40,28249952,NULL),(1137,6,'2025-07-15',9.85,9.87,9.61,9.69,45335104,9.36,9.37,9.13,9.20,45335104,NULL),(1138,6,'2025-07-16',9.70,9.84,9.69,9.78,46682725,9.21,9.35,9.20,9.29,46682725,NULL),(1139,6,'2025-07-17',9.76,9.87,9.75,9.81,53805110,9.27,9.37,9.26,9.32,53805110,NULL),(1140,6,'2025-07-18',9.85,9.90,9.74,9.77,35498203,9.36,9.40,9.25,9.28,35498203,NULL),(1141,6,'2025-07-21',10.00,10.25,9.97,10.13,65886696,9.50,9.74,9.47,9.62,65886696,NULL),(1142,6,'2025-07-22',10.28,10.46,10.24,10.37,72961870,9.76,9.93,9.73,9.85,72961870,NULL),(1143,6,'2025-07-23',10.29,10.45,10.29,10.40,62197021,9.77,9.93,9.77,9.88,62197021,NULL),(1144,6,'2025-07-24',10.33,10.35,10.18,10.23,58951435,9.81,9.83,9.66,9.72,58951435,NULL),(1145,6,'2025-07-25',10.11,10.12,9.93,10.00,50742147,9.60,9.61,9.43,9.50,50742147,NULL),(1146,6,'2025-07-28',9.86,9.90,9.76,9.84,44956697,9.36,9.40,9.27,9.35,44956697,NULL),(1147,6,'2025-07-29',9.89,9.97,9.82,9.89,44793918,9.39,9.47,9.33,9.39,44793918,NULL),(1148,6,'2025-07-30',9.75,9.76,9.56,9.63,69250098,9.26,9.27,9.08,9.15,69250098,NULL),(1149,6,'2025-07-31',9.43,9.61,9.36,9.53,54555315,8.96,9.13,8.89,9.05,54555315,NULL),(1150,6,'2025-08-01',9.89,9.93,9.66,9.71,91152410,9.39,9.43,9.17,9.22,91152410,NULL),(1151,6,'2025-08-04',9.83,9.87,9.76,9.85,52292316,9.34,9.37,9.27,9.36,52292316,NULL),(1152,6,'2025-08-05',9.89,10.01,9.84,9.87,27403058,9.39,9.51,9.35,9.37,27403058,NULL),(1153,6,'2025-08-06',9.97,9.97,9.85,9.85,23122890,9.47,9.47,9.36,9.36,23122890,NULL),(1154,6,'2025-08-07',9.96,10.01,9.87,9.99,24773719,9.46,9.51,9.37,9.49,24773719,NULL),(1155,6,'2025-08-08',10.05,10.30,10.02,10.22,41941926,9.55,9.78,9.52,9.71,41941926,NULL),(1156,6,'2025-08-11',10.25,10.29,10.15,10.20,28044264,9.74,9.77,9.64,9.69,28044264,NULL),(1157,6,'2025-08-12',10.31,10.44,10.31,10.40,40573001,9.79,9.92,9.79,9.88,40573001,NULL),(1158,6,'2025-08-13',10.06,10.14,10.03,10.08,24372247,9.88,9.96,9.85,9.90,24372247,NULL),(1159,6,'2025-08-14',9.86,9.92,9.81,9.91,23363575,9.68,9.74,9.63,9.73,23363575,NULL),(1160,6,'2025-08-15',9.91,9.97,9.84,9.92,19516847,9.73,9.79,9.66,9.74,19516847,NULL),(1161,6,'2025-08-18',9.90,9.94,9.78,9.81,21700135,9.72,9.76,9.60,9.63,21700135,NULL),(1162,6,'2025-08-19',9.76,9.83,9.67,9.71,24904416,9.58,9.65,9.50,9.53,24904416,NULL),(1163,6,'2025-08-20',9.71,9.76,9.68,9.72,22484792,9.53,9.58,9.51,9.54,22484792,NULL),(1164,6,'2025-08-21',9.70,9.81,9.68,9.81,14413941,9.53,9.63,9.51,9.63,14413941,NULL),(1165,6,'2025-08-22',9.80,10.15,9.80,10.12,31606881,9.62,9.97,9.62,9.94,31606881,NULL),(1166,6,'2025-08-25',10.18,10.26,10.14,10.17,16016595,10.00,10.07,9.96,9.99,16016595,NULL),(1167,6,'2025-08-26',10.12,10.23,10.12,10.22,19044072,9.94,10.05,9.94,10.04,19044072,NULL),(1168,6,'2025-08-27',10.17,10.26,10.13,10.25,14888970,9.99,10.07,9.95,10.07,14888970,NULL),(1169,6,'2025-08-28',10.32,10.42,10.24,10.25,26193733,10.13,10.23,10.06,10.07,26193733,NULL),(1170,6,'2025-08-29',10.25,10.32,10.25,10.28,15105187,10.07,10.13,10.07,10.09,15105187,NULL),(1171,6,'2025-09-02',10.13,10.18,10.08,10.17,19695330,9.95,10.00,9.90,9.99,19695330,NULL),(1172,6,'2025-09-03',10.22,10.25,10.15,10.21,20077618,10.04,10.07,9.97,10.03,20077618,NULL),(1173,6,'2025-09-04',10.29,10.29,10.18,10.26,16803524,10.10,10.10,10.00,10.07,16803524,NULL),(1174,6,'2025-09-05',10.44,10.55,10.35,10.40,25996765,10.25,10.36,10.16,10.21,25996765,NULL),(1175,6,'2025-09-08',10.44,10.47,10.37,10.45,18200161,10.25,10.28,10.18,10.26,18200161,NULL),(1176,6,'2025-09-09',10.55,10.63,10.33,10.35,26517842,10.36,10.44,10.14,10.16,26517842,NULL),(1177,6,'2025-09-10',10.49,10.57,10.43,10.50,26580096,10.30,10.37,10.24,10.31,26580096,NULL),(1178,6,'2025-09-11',10.45,10.67,10.45,10.63,30818348,10.26,10.47,10.26,10.44,30818348,NULL),(1179,6,'2025-09-12',10.65,10.75,10.61,10.67,25684026,10.46,10.56,10.42,10.48,25684026,NULL),(1180,6,'2025-09-15',10.75,10.86,10.70,10.83,22165710,10.56,10.66,10.51,10.63,22165710,NULL),(1181,6,'2025-09-16',10.90,10.94,10.76,10.91,39632492,10.70,10.74,10.57,10.71,39632492,NULL),(1182,6,'2025-09-17',10.87,11.01,10.81,10.88,34852910,10.67,10.81,10.62,10.68,34852910,NULL),(1183,6,'2025-09-18',10.96,10.98,10.82,10.84,27690449,10.76,10.78,10.62,10.64,27690449,NULL),(1184,6,'2025-09-19',10.86,10.93,10.81,10.86,22484804,10.66,10.73,10.62,10.66,22484804,NULL),(1185,6,'2025-09-22',10.92,10.96,10.82,10.86,24583010,10.72,10.76,10.62,10.66,24583010,NULL),(1186,6,'2025-09-23',10.91,11.06,10.90,10.95,33201677,10.71,10.86,10.70,10.75,33201677,NULL),(1187,6,'2025-09-24',10.91,10.97,10.82,10.83,24335861,10.71,10.77,10.62,10.63,24335861,NULL),(1188,6,'2025-09-25',10.93,10.97,10.85,10.89,24906381,10.73,10.77,10.65,10.69,24906381,NULL),(1189,6,'2025-09-26',10.80,10.80,10.58,10.70,59854480,10.61,10.61,10.39,10.51,59854480,NULL),(1190,6,'2025-09-29',10.82,10.88,10.73,10.75,33345768,10.62,10.68,10.54,10.56,33345768,NULL),(1191,6,'2025-09-30',10.81,10.89,10.72,10.86,30235898,10.62,10.69,10.53,10.66,30235898,NULL),(1192,6,'2025-10-01',10.94,11.08,10.90,10.98,30067303,10.74,10.88,10.70,10.78,30067303,NULL),(1193,6,'2025-10-02',11.04,11.07,10.86,11.02,34919890,10.84,10.87,10.66,10.82,34919890,NULL),(1194,6,'2025-10-03',10.97,11.09,10.97,11.01,27156948,10.77,10.89,10.77,10.81,27156948,NULL),(1195,6,'2025-10-06',11.12,11.32,11.10,11.29,52374075,10.92,11.12,10.90,11.09,52374075,NULL),(1196,6,'2025-10-07',11.19,11.21,11.02,11.04,36894677,10.99,11.01,10.82,10.84,36894677,NULL),(1197,6,'2025-10-08',11.10,11.16,11.06,11.10,31062695,10.90,10.96,10.86,10.90,31062695,NULL),(1198,6,'2025-10-09',11.20,11.33,11.02,11.03,42469967,11.00,11.13,10.82,10.83,42469967,NULL),(1199,6,'2025-10-10',11.04,11.10,10.71,10.75,46652041,10.84,10.89,10.52,10.56,46652041,NULL),(1200,6,'2025-10-13',10.96,11.06,10.90,11.01,30061760,10.76,10.86,10.70,10.81,30061760,NULL),(1201,6,'2025-10-14',10.79,11.02,10.77,10.97,33461187,10.60,10.82,10.58,10.77,33461187,NULL),(1202,6,'2025-10-15',11.02,11.20,11.01,11.17,38155475,10.82,11.00,10.81,10.97,38155475,NULL),(1203,6,'2025-10-16',11.15,11.19,11.01,11.11,30463742,10.95,10.99,10.81,10.91,30463742,NULL),(1204,6,'2025-10-17',11.02,11.14,11.00,11.10,29373684,10.82,10.94,10.80,10.90,29373684,NULL),(1205,6,'2025-10-20',11.25,11.46,11.22,11.40,34717046,11.05,11.25,11.01,11.19,34717046,NULL),(1206,6,'2025-10-21',11.28,11.38,11.23,11.27,41881298,11.08,11.17,11.03,11.07,41881298,NULL),(1207,6,'2025-10-22',11.40,11.57,11.38,11.52,49747252,11.19,11.36,11.17,11.31,49747252,NULL),(1208,6,'2025-10-23',11.64,11.66,11.45,11.46,24643006,11.43,11.45,11.24,11.25,24643006,NULL),(1209,6,'2025-10-24',11.53,11.56,11.40,11.41,21305158,11.32,11.35,11.19,11.20,21305158,NULL),(1210,6,'2025-10-27',11.54,11.55,11.43,11.46,26895377,11.33,11.34,11.22,11.25,26895377,NULL),(1211,6,'2025-10-28',11.49,11.69,11.48,11.62,36276328,11.28,11.48,11.28,11.41,36276328,NULL),(1212,6,'2025-10-29',11.86,11.94,11.75,11.83,48965221,11.65,11.72,11.53,11.62,48965221,NULL),(1213,6,'2025-10-30',11.78,11.93,11.69,11.89,38570785,11.57,11.71,11.48,11.68,38570785,NULL),(1214,6,'2025-10-31',11.90,12.22,11.89,12.09,45923414,11.69,11.99,11.68,11.87,45923414,NULL),(1215,6,'2025-11-03',12.13,12.24,12.10,12.20,37428278,11.91,12.02,11.88,11.98,37428278,NULL),(1216,6,'2025-11-04',12.02,12.07,11.87,11.94,51377427,11.80,11.85,11.66,11.72,51377427,NULL),(1217,6,'2025-11-05',12.12,12.39,12.09,12.31,43406911,11.90,12.16,11.87,12.09,43406911,NULL),(1218,6,'2025-11-06',12.35,12.40,12.18,12.23,33872838,12.13,12.17,11.96,12.01,33872838,NULL),(1219,6,'2025-11-07',12.02,12.16,11.94,12.15,31631810,11.80,11.94,11.72,11.93,31631810,NULL),(1220,6,'2025-11-10',12.33,12.34,12.21,12.30,19436343,12.11,12.12,11.99,12.08,19436343,NULL),(1221,6,'2025-11-11',12.42,12.48,12.29,12.34,22881402,12.20,12.25,12.07,12.12,22881402,NULL),(1222,6,'2025-11-12',12.42,12.49,12.36,12.48,22241864,12.20,12.26,12.14,12.25,22241864,NULL),(1223,6,'2025-11-13',12.50,12.60,12.33,12.38,20435106,12.27,12.37,12.11,12.16,20435106,NULL),(1224,6,'2025-11-14',12.26,12.42,12.19,12.30,24747108,12.04,12.19,11.97,12.08,24747108,NULL),(1225,6,'2025-11-17',12.31,12.38,12.16,12.17,28106517,12.09,12.16,11.94,11.95,28106517,NULL),(1226,6,'2025-11-18',12.14,12.28,12.05,12.17,26443959,11.92,12.06,11.83,11.95,26443959,NULL),(1227,6,'2025-11-19',12.15,12.27,12.10,12.12,21571005,11.93,12.04,11.88,11.90,21571005,NULL),(1228,6,'2025-11-20',12.22,12.27,11.89,11.92,31217132,12.00,12.05,11.68,11.71,31217132,NULL),(1229,6,'2025-11-21',12.01,12.12,11.82,12.09,42962341,11.79,11.90,11.61,11.87,42962341,NULL),(1230,6,'2025-11-24',12.08,12.17,12.06,12.09,20333387,11.86,11.95,11.84,11.87,20333387,NULL),(1231,6,'2025-11-25',12.18,12.26,12.14,12.19,24892100,11.96,12.04,11.92,11.97,24892100,NULL),(1232,6,'2025-11-26',12.28,12.56,12.28,12.51,28521677,12.06,12.33,12.06,12.28,28521677,NULL),(1233,6,'2025-11-28',12.65,12.72,12.54,12.61,26854672,12.42,12.49,12.31,12.38,26854672,NULL),(1234,6,'2025-12-01',12.66,12.74,12.64,12.69,23346136,12.43,12.51,12.41,12.46,23346136,NULL),(1235,6,'2025-12-02',12.79,12.90,12.68,12.89,30154785,12.56,12.67,12.45,12.66,30154785,NULL),(1236,6,'2025-12-03',13.00,13.39,12.96,13.30,70480279,12.77,13.15,12.73,13.06,70480279,NULL),(1237,6,'2025-12-04',13.42,13.62,13.30,13.56,54701706,13.18,13.37,13.06,13.32,54701706,NULL),(1238,6,'2025-12-05',13.53,13.56,12.80,12.90,77142918,13.29,13.32,12.57,12.67,77142918,NULL),(1239,6,'2025-12-08',13.04,13.05,12.75,12.81,33055628,12.80,12.81,12.52,12.58,33055628,NULL),(1240,6,'2025-12-09',12.69,12.92,12.61,12.80,21956418,12.46,12.69,12.38,12.57,21956418,NULL),(1241,6,'2025-12-10',13.05,13.06,12.85,12.99,24953755,12.81,12.82,12.61,12.76,24953755,NULL),(1242,6,'2025-12-11',13.03,13.40,13.02,13.29,40862985,12.79,13.16,12.79,13.05,40862985,NULL),(1243,6,'2025-12-12',12.68,12.83,12.51,12.69,41038673,12.68,12.83,12.51,12.69,41038673,NULL),(1244,6,'2025-12-15',12.79,12.82,12.67,12.77,22665349,12.79,12.82,12.67,12.77,22665349,NULL),(1245,6,'2025-12-16',12.80,12.87,12.70,12.72,25328903,12.80,12.87,12.70,12.72,25328903,NULL),(1246,6,'2025-12-17',12.74,12.87,12.71,12.79,24960502,12.74,12.87,12.71,12.79,24960502,NULL),(1247,6,'2025-12-18',12.77,12.91,12.73,12.77,27332070,12.77,12.91,12.73,12.77,27332070,NULL),(1248,6,'2025-12-19',12.80,12.87,12.71,12.72,31704309,12.80,12.87,12.71,12.72,31704309,NULL),(1249,6,'2025-12-22',12.88,13.20,12.86,13.15,35663643,12.88,13.20,12.86,13.15,35663643,NULL),(1250,6,'2025-12-23',13.20,13.24,13.13,13.21,21744774,13.20,13.24,13.13,13.21,21744774,NULL),(1251,6,'2025-12-24',13.21,13.22,13.07,13.15,5409791,13.21,13.22,13.07,13.15,5409791,NULL),(1252,6,'2025-12-26',13.22,13.28,13.16,13.23,14881996,13.22,13.28,13.16,13.23,14881996,NULL),(1253,6,'2025-12-29',13.14,13.16,12.87,12.92,24130671,13.14,13.16,12.87,12.92,24130671,NULL),(1254,6,'2025-12-30',13.23,13.24,13.08,13.10,17163183,13.23,13.24,13.08,13.10,17163183,NULL),(1255,6,'2025-12-31',13.08,13.09,13.00,13.03,7913522,13.08,13.09,13.00,13.03,7913522,NULL),(1256,6,'2026-01-02',13.25,13.30,13.18,13.26,16920503,13.25,13.30,13.18,13.26,16920503,NULL),(1257,6,'2026-01-05',13.44,13.63,13.37,13.56,41816349,13.44,13.63,13.37,13.56,41816349,NULL),(1258,6,'2026-01-06',13.65,14.18,13.65,14.17,61443168,13.65,14.18,13.65,14.17,61443168,NULL),(1259,6,'2026-01-07',14.07,14.38,14.02,14.26,60414964,14.07,14.38,14.02,14.26,60414964,NULL),(1260,6,'2026-01-08',13.95,14.11,13.76,14.07,44432386,13.95,14.11,13.76,14.07,44432386,NULL),(1261,6,'2026-01-09',13.94,14.15,13.89,13.97,29252897,13.94,14.15,13.89,13.97,29252897,NULL),(1262,6,'2026-01-12',14.03,14.08,13.86,13.90,24795306,14.03,14.08,13.86,13.90,24795306,NULL),(1263,6,'2026-01-13',14.01,14.16,13.89,14.11,30406118,14.01,14.16,13.89,14.11,30406118,NULL),(1264,6,'2026-01-14',14.18,14.68,14.17,14.61,50115972,14.18,14.68,14.17,14.61,50115972,NULL),(1265,6,'2026-01-15',14.75,14.83,14.62,14.67,44294167,14.75,14.83,14.62,14.67,44294167,NULL),(1266,6,'2026-01-16',14.53,14.63,14.42,14.61,30226429,14.53,14.63,14.42,14.61,30226429,NULL),(2017,7,'2025-01-21',20.90,23.12,20.90,23.10,7813996,20.90,23.12,20.90,23.10,7813996,NULL),(2018,7,'2025-01-22',23.22,23.74,22.42,22.49,8086029,23.22,23.74,22.42,22.49,8086029,NULL),(2019,7,'2025-01-23',19.15,19.95,18.80,19.80,35061251,19.15,19.95,18.80,19.80,35061251,NULL),(2020,7,'2025-01-24',20.45,20.67,19.80,20.35,12051056,20.45,20.67,19.80,20.35,12051056,NULL),(2021,7,'2025-01-27',19.77,20.64,18.93,19.16,9705591,19.77,20.64,18.93,19.16,9705591,NULL),(2022,7,'2025-01-28',19.65,20.31,18.73,20.14,7815337,19.65,20.31,18.73,20.14,7815337,NULL),(2023,7,'2025-01-29',19.54,19.55,17.50,17.72,19271034,19.54,19.55,17.50,17.72,19271034,NULL),(2024,7,'2025-01-30',18.52,18.96,18.20,18.21,8845625,18.52,18.96,18.20,18.21,8845625,NULL),(2025,7,'2025-01-31',19.24,22.19,18.92,20.24,26562759,19.24,22.19,18.92,20.24,26562759,NULL),(2026,7,'2025-02-03',18.89,21.93,18.86,21.47,11870040,18.89,21.93,18.86,21.47,11870040,NULL),(2027,7,'2025-02-04',21.95,23.83,21.90,23.09,12347292,21.95,23.83,21.90,23.09,12347292,NULL),(2028,7,'2025-02-05',23.20,24.75,23.19,24.71,10872503,23.20,24.75,23.19,24.71,10872503,NULL),(2029,7,'2025-02-06',25.45,27.61,25.30,27.12,19743995,25.45,27.61,25.30,27.12,19743995,NULL),(2030,7,'2025-02-07',27.76,28.76,25.86,26.51,14605171,27.76,28.76,25.86,26.51,14605171,NULL),(2031,7,'2025-02-10',27.39,32.97,27.39,31.14,33859224,27.39,32.97,27.39,31.14,33859224,NULL),(2032,7,'2025-02-11',30.60,30.80,28.35,28.40,13410638,30.60,30.80,28.35,28.40,13410638,NULL),(2033,7,'2025-02-12',28.47,29.14,27.30,27.61,10916759,28.47,29.14,27.30,27.61,10916759,NULL),(2034,7,'2025-02-13',27.70,30.77,27.05,30.05,13314124,27.70,30.77,27.05,30.05,13314124,NULL),(2035,7,'2025-02-14',30.18,32.47,29.37,32.10,14025231,30.18,32.47,29.37,32.10,14025231,NULL),(2036,7,'2025-02-18',32.90,33.55,30.67,30.90,12717196,32.90,33.55,30.67,30.90,12717196,NULL),(2037,7,'2025-02-19',31.06,33.18,30.72,31.17,12147135,31.06,33.18,30.72,31.17,12147135,NULL),(2038,7,'2025-02-20',30.92,32.11,28.87,31.63,10794667,30.92,32.11,28.87,31.63,10794667,NULL),(2039,7,'2025-02-21',31.51,31.84,28.59,28.64,9849651,31.51,31.84,28.59,28.64,9849651,NULL),(2040,7,'2025-02-24',28.39,29.14,26.10,28.57,14652438,28.39,29.14,26.10,28.57,14652438,NULL),(2041,7,'2025-02-25',27.70,28.17,25.72,26.17,13082689,27.70,28.17,25.72,26.17,13082689,NULL),(2042,7,'2025-02-26',28.57,30.99,27.00,27.24,16788943,28.57,30.99,27.00,27.24,16788943,NULL),(2043,7,'2025-02-27',28.06,29.15,25.93,26.08,12100845,28.06,29.15,25.93,26.08,12100845,NULL),(2044,7,'2025-02-28',25.47,27.56,25.01,27.11,9551390,25.47,27.56,25.01,27.11,9551390,NULL),(2045,7,'2025-03-03',29.08,29.10,24.89,25.62,15087992,29.08,29.10,24.89,25.62,15087992,NULL),(2046,7,'2025-03-04',24.52,30.70,24.48,28.61,24470523,24.52,30.70,24.48,28.61,24470523,NULL),(2047,7,'2025-03-05',30.12,34.10,28.95,33.80,27623780,30.12,34.10,28.95,33.80,27623780,NULL),(2048,7,'2025-03-06',32.64,35.49,30.82,32.18,21833343,32.64,35.49,30.82,32.18,21833343,NULL),(2049,7,'2025-03-07',31.40,34.06,29.55,33.40,17171420,31.40,34.06,29.55,33.40,17171420,NULL),(2050,7,'2025-03-10',32.11,32.80,28.34,29.14,15233921,32.11,32.80,28.34,29.14,15233921,NULL),(2051,7,'2025-03-11',28.96,29.93,27.30,28.66,11095581,28.96,29.93,27.30,28.66,11095581,NULL),(2052,7,'2025-03-12',29.99,30.80,27.02,27.56,11715610,29.99,30.80,27.02,27.56,11715610,NULL),(2053,7,'2025-03-13',27.52,27.84,25.86,26.12,8497122,27.52,27.84,25.86,26.12,8497122,NULL),(2054,7,'2025-03-14',26.55,28.25,25.70,28.15,8404305,26.55,28.25,25.70,28.15,8404305,NULL),(2055,7,'2025-03-17',27.74,28.72,27.16,28.02,7564361,27.74,28.72,27.16,28.02,7564361,NULL),(2056,7,'2025-03-18',27.76,27.78,26.20,26.25,7054960,27.76,27.78,26.20,26.25,7054960,NULL),(2057,7,'2025-03-19',26.45,26.51,24.62,25.65,11484905,26.45,26.51,24.62,25.65,11484905,NULL),(2058,7,'2025-03-20',25.56,25.78,24.09,24.69,6738711,25.56,25.78,24.09,24.69,6738711,NULL),(2059,7,'2025-03-21',24.22,25.99,24.03,25.71,6794263,24.22,25.99,24.03,25.71,6794263,NULL),(2060,7,'2025-03-24',26.62,29.45,26.50,29.30,10852553,26.62,29.45,26.50,29.30,10852553,NULL),(2061,7,'2025-03-25',28.92,29.59,28.39,28.55,5202582,28.92,29.59,28.39,28.55,5202582,NULL),(2062,7,'2025-03-26',28.58,29.20,27.27,27.29,5775269,28.58,29.20,27.27,27.29,5775269,NULL),(2063,7,'2025-03-27',27.00,27.51,25.76,25.80,5662124,27.00,27.51,25.76,25.80,5662124,NULL),(2064,7,'2025-03-28',25.67,25.80,23.46,24.06,9865500,25.67,25.80,23.46,24.06,9865500,NULL),(2065,7,'2025-03-31',22.83,23.40,22.22,22.74,8758349,22.83,23.40,22.22,22.74,8758349,NULL),(2066,7,'2025-04-01',22.77,22.91,21.63,21.85,8856206,22.77,22.91,21.63,21.85,8856206,NULL),(2067,7,'2025-04-02',21.37,23.22,21.31,22.41,9222880,21.37,23.22,21.31,22.41,9222880,NULL),(2068,7,'2025-04-03',20.08,22.32,20.01,21.58,10501913,20.08,22.32,20.01,21.58,10501913,NULL),(2069,7,'2025-04-04',20.60,21.15,18.50,20.07,13320592,20.60,21.15,18.50,20.07,13320592,NULL),(2070,7,'2025-04-07',18.50,22.86,18.22,21.33,13431026,18.50,22.86,18.22,21.33,13431026,NULL),(2071,7,'2025-04-08',22.77,22.80,19.75,20.30,10048743,22.77,22.80,19.75,20.30,10048743,NULL),(2072,7,'2025-04-09',20.24,24.89,19.67,24.14,18023932,20.24,24.89,19.67,24.14,18023932,NULL),(2073,7,'2025-04-10',24.01,24.49,22.44,23.14,10024763,24.01,24.49,22.44,23.14,10024763,NULL),(2074,7,'2025-04-11',23.05,23.47,22.04,23.28,6172747,23.05,23.47,22.04,23.28,6172747,NULL),(2075,7,'2025-04-14',24.19,24.60,22.51,22.91,4688179,24.19,24.60,22.51,22.91,4688179,NULL),(2076,7,'2025-04-15',22.90,23.41,22.15,22.92,7190891,22.90,23.41,22.15,22.92,7190891,NULL),(2077,7,'2025-04-16',22.68,22.98,21.75,22.39,4526122,22.68,22.98,21.75,22.39,4526122,NULL),(2078,7,'2025-04-17',22.73,23.99,22.28,23.39,6153373,22.73,23.99,22.28,23.39,6153373,NULL),(2079,7,'2025-04-21',22.71,22.98,20.26,20.77,8348274,22.71,22.98,20.26,20.77,8348274,NULL),(2080,7,'2025-04-22',21.18,21.97,20.68,21.30,5281287,21.18,21.97,20.68,21.30,5281287,NULL),(2081,7,'2025-04-23',22.70,23.93,22.30,22.42,7991702,22.70,23.93,22.30,22.42,7991702,NULL),(2082,7,'2025-04-24',23.00,24.78,22.89,24.07,9907981,23.00,24.78,22.89,24.07,9907981,NULL),(2083,7,'2025-04-25',23.84,23.97,22.57,23.76,7878736,23.84,23.97,22.57,23.76,7878736,NULL),(2084,7,'2025-04-28',24.10,25.20,23.17,24.25,6509702,24.10,25.20,23.17,24.25,6509702,NULL),(2085,7,'2025-04-29',24.21,24.44,23.79,23.90,3713472,24.21,24.44,23.79,23.90,3713472,NULL),(2086,7,'2025-04-30',22.85,23.23,22.07,23.21,5430522,22.85,23.23,22.07,23.21,5430522,NULL),(2087,7,'2025-05-01',23.81,23.85,22.83,23.02,4439614,23.81,23.85,22.83,23.02,4439614,NULL),(2088,7,'2025-05-02',24.35,27.57,24.33,26.42,19988987,24.35,27.57,24.33,26.42,19988987,NULL),(2089,7,'2025-05-05',25.92,26.36,24.60,24.75,10944493,25.92,26.36,24.60,24.75,10944493,NULL),(2090,7,'2025-05-06',24.21,25.34,23.77,25.08,6889477,24.21,25.34,23.77,25.08,6889477,NULL),(2091,7,'2025-05-07',25.39,25.98,24.96,25.32,6155904,25.39,25.98,24.96,25.32,6155904,NULL),(2092,7,'2025-05-08',25.90,25.94,24.90,25.25,6894118,25.90,25.94,24.90,25.25,6894118,NULL),(2093,7,'2025-05-09',25.51,25.91,24.96,25.76,7707288,25.51,25.91,24.96,25.76,7707288,NULL),(2094,7,'2025-05-12',27.17,27.45,26.13,27.16,14764346,27.17,27.45,26.13,27.16,14764346,NULL),(2095,7,'2025-05-13',25.90,29.05,25.71,26.55,19634771,25.90,29.05,25.71,26.55,19634771,NULL),(2096,7,'2025-05-14',26.99,28.45,26.03,26.25,14028844,26.99,28.45,26.03,26.25,14028844,NULL),(2097,7,'2025-05-15',26.14,27.32,25.56,26.24,11660696,26.14,27.32,25.56,26.24,11660696,NULL),(2098,7,'2025-05-16',27.00,27.97,25.74,26.66,15837262,27.00,27.97,25.74,26.66,15837262,NULL),(2099,7,'2025-05-19',25.68,25.86,24.07,24.61,17496683,25.68,25.86,24.07,24.61,17496683,NULL),(2100,7,'2025-05-20',24.64,26.05,24.17,25.03,13747043,24.64,26.05,24.17,25.03,13747043,NULL),(2101,7,'2025-05-21',24.80,25.24,23.56,23.83,10886512,24.80,25.24,23.56,23.83,10886512,NULL),(2102,7,'2025-05-22',24.07,24.84,23.70,24.41,8339812,24.07,24.84,23.70,24.41,8339812,NULL),(2103,7,'2025-05-23',24.15,24.53,23.65,24.10,6939240,24.15,24.53,23.65,24.10,6939240,NULL),(2104,7,'2025-05-27',24.73,25.67,24.50,24.84,11517123,24.73,25.67,24.50,24.84,11517123,NULL),(2105,7,'2025-05-28',25.01,25.18,24.34,24.78,7740738,25.01,25.18,24.34,24.78,7740738,NULL),(2106,7,'2025-05-29',25.11,25.44,23.52,23.57,9758337,25.11,25.44,23.52,23.57,9758337,NULL),(2107,7,'2025-05-30',23.39,23.40,22.47,23.07,9399248,23.39,23.40,22.47,23.07,9399248,NULL),(2108,7,'2025-06-02',22.98,24.17,22.72,24.15,7858891,22.98,24.17,22.72,24.15,7858891,NULL),(2109,7,'2025-06-03',24.33,25.57,23.80,25.18,10494301,24.33,25.57,23.80,25.18,10494301,NULL),(2110,7,'2025-06-04',25.80,29.09,25.40,28.69,32676875,25.80,29.09,25.40,28.69,32676875,NULL),(2111,7,'2025-06-05',28.05,31.24,27.72,30.85,29927253,28.05,31.24,27.72,30.85,29927253,NULL),(2112,7,'2025-06-06',31.01,31.27,29.78,31.19,14295517,31.01,31.27,29.78,31.19,14295517,NULL),(2113,7,'2025-06-09',32.28,36.66,32.25,34.82,34436358,32.28,36.66,32.25,34.82,34436358,NULL),(2114,7,'2025-06-10',35.18,36.30,34.21,35.71,21288660,35.18,36.30,34.21,35.71,21288660,NULL),(2115,7,'2025-06-11',35.72,36.98,35.33,36.47,12905860,35.72,36.98,35.33,36.47,12905860,NULL),(2116,7,'2025-06-12',35.96,37.74,35.82,36.92,9926925,35.96,37.74,35.82,36.92,9926925,NULL),(2117,7,'2025-06-13',36.24,41.13,36.20,38.37,22908902,36.24,41.13,36.20,38.37,22908902,NULL),(2118,7,'2025-06-16',39.26,42.93,38.76,41.91,17820811,39.26,42.93,38.76,41.91,17820811,NULL),(2119,7,'2025-06-17',40.71,41.60,38.82,40.10,12867282,40.71,41.60,38.82,40.10,12867282,NULL),(2120,7,'2025-06-18',41.31,44.71,40.89,44.35,21257490,41.31,44.71,40.89,44.35,21257490,NULL),(2121,7,'2025-06-20',45.65,48.94,45.15,45.94,23527864,45.65,48.94,45.15,45.94,23527864,NULL),(2122,7,'2025-06-23',43.75,50.41,43.02,50.20,21470894,43.75,50.41,43.02,50.20,21470894,NULL),(2123,7,'2025-06-24',50.43,54.05,49.22,53.22,20033596,50.43,54.05,49.22,53.22,20033596,NULL),(2124,7,'2025-06-25',50.50,52.85,48.76,49.97,23977640,50.50,52.85,48.76,49.97,23977640,NULL),(2125,7,'2025-06-26',50.87,53.38,49.68,50.62,14220041,50.87,53.38,49.68,50.62,14220041,NULL),(2126,7,'2025-06-27',51.81,53.35,49.25,49.36,31720808,51.81,53.35,49.25,49.36,31720808,NULL),(2127,7,'2025-06-30',50.20,50.38,46.20,46.73,13635284,50.20,50.38,46.20,46.73,13635284,NULL),(2128,7,'2025-07-01',46.50,46.67,44.36,45.11,8324749,46.50,46.67,44.36,45.11,8324749,NULL),(2129,7,'2025-07-02',45.17,46.07,43.86,45.71,8698035,45.17,46.07,43.86,45.71,8698035,NULL),(2130,7,'2025-07-03',47.40,48.32,45.28,45.60,6101742,47.40,48.32,45.28,45.60,6101742,NULL),(2131,7,'2025-07-07',46.15,46.93,44.03,45.69,8221661,46.15,46.93,44.03,45.69,8221661,NULL),(2132,7,'2025-07-08',46.06,47.34,44.73,45.46,8476321,46.06,47.34,44.73,45.46,8476321,NULL),(2133,7,'2025-07-09',45.54,45.63,42.44,42.50,10495020,45.54,45.63,42.44,42.50,10495020,NULL),(2134,7,'2025-07-10',43.28,45.35,42.76,43.97,8656280,43.28,45.35,42.76,43.97,8656280,NULL),(2135,7,'2025-07-11',43.48,47.72,43.31,45.58,13402112,43.48,47.72,43.31,45.58,13402112,NULL),(2136,7,'2025-07-14',45.34,48.69,44.35,47.86,12149417,45.34,48.69,44.35,47.86,12149417,NULL),(2137,7,'2025-07-15',48.29,51.44,47.20,51.12,13926981,48.29,51.44,47.20,51.12,13926981,NULL),(2138,7,'2025-07-16',51.68,52.69,49.53,52.63,10434625,51.68,52.69,49.53,52.63,10434625,NULL),(2139,7,'2025-07-17',52.71,58.03,52.60,57.45,15791618,52.71,58.03,52.60,57.45,15791618,NULL),(2140,7,'2025-07-18',56.07,58.08,55.21,57.98,7966434,56.07,58.08,55.21,57.98,7966434,NULL),(2141,7,'2025-07-21',59.74,60.95,56.36,56.67,12415672,59.74,60.95,56.36,56.67,12415672,NULL),(2142,7,'2025-07-22',55.68,57.56,51.21,57.09,13718480,55.68,57.56,51.21,57.09,13718480,NULL),(2143,7,'2025-07-23',58.14,60.28,56.21,58.92,9828313,58.14,60.28,56.21,58.92,9828313,NULL),(2144,7,'2025-07-24',58.92,60.54,57.78,60.06,9373505,58.92,60.54,57.78,60.06,9373505,NULL),(2145,7,'2025-07-25',56.25,56.80,53.03,54.34,25294540,56.25,56.80,53.03,54.34,25294540,NULL),(2146,7,'2025-07-28',55.04,55.57,53.50,54.22,8080346,55.04,55.57,53.50,54.22,8080346,NULL),(2147,7,'2025-07-29',53.92,54.04,51.30,53.09,8490940,53.92,54.04,51.30,53.09,8490940,NULL),(2148,7,'2025-07-30',53.60,55.78,53.23,54.29,7964489,53.60,55.78,53.23,54.29,7964489,NULL),(2149,7,'2025-07-31',54.49,55.47,52.93,53.17,6626180,54.49,55.47,52.93,53.17,6626180,NULL),(2150,7,'2025-08-01',50.90,54.58,49.72,52.46,9130733,50.90,54.58,49.72,52.46,9130733,NULL),(2151,7,'2025-08-04',51.23,52.75,49.91,51.38,9022111,51.23,52.75,49.91,51.38,9022111,NULL),(2152,7,'2025-08-05',51.71,52.80,49.93,52.57,6287597,51.71,52.80,49.93,52.57,6287597,NULL),(2153,7,'2025-08-06',54.14,54.96,51.40,51.79,6366458,54.14,54.96,51.40,51.79,6366458,NULL),(2154,7,'2025-08-07',52.03,52.12,47.17,47.71,11892555,52.03,52.12,47.17,47.71,11892555,NULL),(2155,7,'2025-08-08',48.00,48.88,46.30,46.63,7173173,48.00,48.88,46.30,46.63,7173173,NULL),(2156,7,'2025-08-11',46.25,47.81,45.46,45.92,9531517,46.25,47.81,45.46,45.92,9531517,NULL),(2157,7,'2025-08-12',51.24,55.50,49.50,49.76,21569053,51.24,55.50,49.50,49.76,21569053,NULL),(2158,7,'2025-08-13',50.50,50.65,47.12,50.05,9534595,50.50,50.65,47.12,50.05,9534595,NULL),(2159,7,'2025-08-14',50.32,51.95,47.50,48.50,11624405,50.32,51.95,47.50,48.50,11624405,NULL),(2160,7,'2025-08-15',48.92,48.98,47.53,48.08,4503064,48.92,48.98,47.53,48.08,4503064,NULL),(2161,7,'2025-08-18',48.24,50.50,47.40,48.16,9732799,48.24,50.50,47.40,48.16,9732799,NULL),(2162,7,'2025-08-19',47.74,48.40,44.88,44.95,8959952,47.74,48.40,44.88,44.95,8959952,NULL),(2163,7,'2025-08-20',44.25,45.25,42.00,45.08,7116713,44.25,45.25,42.00,45.08,7116713,NULL),(2164,7,'2025-08-21',44.33,45.17,43.61,44.98,3531125,44.33,45.17,43.61,44.98,3531125,NULL),(2165,7,'2025-08-22',44.93,47.47,44.19,47.07,6555596,44.93,47.47,44.19,47.07,6555596,NULL),(2166,7,'2025-08-25',47.84,51.32,47.18,50.01,10504475,47.84,51.32,47.18,50.01,10504475,NULL),(2167,7,'2025-08-26',51.13,53.20,50.13,50.43,8474699,51.13,53.20,50.13,50.43,8474699,NULL),(2168,7,'2025-08-27',50.50,50.66,48.19,48.25,6266763,50.50,50.66,48.19,48.25,6266763,NULL),(2169,7,'2025-08-28',48.57,49.39,47.14,48.95,4547088,48.57,49.39,47.14,48.95,4547088,NULL),(2170,7,'2025-08-29',48.58,49.06,46.76,48.94,5184326,48.58,49.06,46.76,48.94,5184326,NULL),(2171,7,'2025-09-02',48.17,50.44,47.10,48.76,6716201,48.17,50.44,47.10,48.76,6716201,NULL),(2172,7,'2025-09-03',49.07,49.40,45.19,45.22,6160095,49.07,49.40,45.19,45.22,6160095,NULL),(2173,7,'2025-09-04',45.40,45.72,41.05,41.86,14376242,45.40,45.72,41.05,41.86,14376242,NULL),(2174,7,'2025-09-05',42.57,43.12,41.65,42.41,7066799,42.57,43.12,41.65,42.41,7066799,NULL),(2175,7,'2025-09-08',36.91,40.94,36.50,40.77,20363966,36.91,40.94,36.50,40.77,20363966,NULL),(2176,7,'2025-09-09',39.59,39.67,36.08,36.91,22533593,39.59,39.67,36.08,36.91,22533593,NULL),(2177,7,'2025-09-10',38.10,38.10,36.94,37.58,9110316,38.10,38.10,36.94,37.58,9110316,NULL),(2178,7,'2025-09-11',37.71,39.05,37.18,38.37,7983457,37.71,39.05,37.18,38.37,7983457,NULL),(2179,7,'2025-09-12',38.59,39.21,37.73,38.72,7606551,38.59,39.21,37.73,38.72,7606551,NULL),(2180,7,'2025-09-15',40.27,41.51,39.85,40.97,10141313,40.27,41.51,39.85,40.97,10141313,NULL),(2181,7,'2025-09-16',41.00,41.61,39.88,40.43,8576128,41.00,41.61,39.88,40.43,8576128,NULL),(2182,7,'2025-09-17',40.28,41.97,39.50,41.19,8383501,40.28,41.97,39.50,41.19,8383501,NULL),(2183,7,'2025-09-18',41.93,42.17,40.15,41.44,9240215,41.93,42.17,40.15,41.44,9240215,NULL),(2184,7,'2025-09-19',41.98,46.08,41.87,45.10,20744963,41.98,46.08,41.87,45.10,20744963,NULL),(2185,7,'2025-09-22',46.77,48.93,45.22,48.85,13639028,46.77,48.93,45.22,48.85,13639028,NULL),(2186,7,'2025-09-23',48.90,56.39,48.61,54.80,25744695,48.90,56.39,48.61,54.80,25744695,NULL),(2187,7,'2025-09-24',54.98,56.73,53.11,54.50,11419146,54.98,56.73,53.11,54.50,11419146,NULL),(2188,7,'2025-09-25',51.65,51.98,48.02,49.39,11994285,51.65,51.98,48.02,49.39,11994285,NULL),(2189,7,'2025-09-26',50.21,51.48,48.11,49.09,8196313,50.21,51.48,48.11,49.09,8196313,NULL),(2190,7,'2025-09-29',49.96,52.38,47.82,48.84,9966819,49.96,52.38,47.82,48.84,9966819,NULL),(2191,7,'2025-09-30',48.57,49.72,47.50,49.08,7575630,48.57,49.72,47.50,49.08,7575630,NULL),(2192,7,'2025-10-01',53.51,57.20,50.82,56.94,20062033,53.51,57.20,50.82,56.94,20062033,NULL),(2193,7,'2025-10-02',58.53,66.83,57.41,66.16,30170759,58.53,66.83,57.41,66.16,30170759,NULL),(2194,7,'2025-10-03',65.66,68.80,64.10,67.76,16702103,65.66,68.80,64.10,67.76,16702103,NULL),(2195,7,'2025-10-06',69.17,74.77,68.70,72.90,16422990,69.17,74.77,68.70,72.90,16422990,NULL),(2196,7,'2025-10-07',67.41,76.00,67.28,74.75,18223694,67.41,76.00,67.28,74.75,18223694,NULL),(2197,7,'2025-10-08',84.81,91.41,79.82,81.20,43321712,84.81,91.41,79.82,81.20,43321712,NULL),(2198,7,'2025-10-09',80.71,88.68,80.61,86.79,19481143,80.71,88.68,80.61,86.79,19481143,NULL),(2199,7,'2025-10-10',89.80,90.65,81.93,82.03,19061563,89.80,90.65,81.93,82.03,19061563,NULL),(2200,7,'2025-10-13',86.65,92.07,83.00,90.50,13193728,86.65,92.07,83.00,90.50,13193728,NULL),(2201,7,'2025-10-14',88.70,99.13,85.30,94.50,17398227,88.70,99.13,85.30,94.50,17398227,NULL),(2202,7,'2025-10-15',98.79,99.82,93.14,95.69,14439817,98.79,99.82,93.14,95.69,14439817,NULL),(2203,7,'2025-10-16',95.00,102.79,88.93,89.50,17129859,95.00,102.79,88.93,89.50,17129859,NULL),(2204,7,'2025-10-17',83.37,87.50,80.85,83.49,14344685,83.37,87.50,80.85,83.49,14344685,NULL),(2205,7,'2025-10-20',86.43,89.64,81.70,82.81,9307547,86.43,89.64,81.70,82.81,9307547,NULL),(2206,7,'2025-10-21',81.50,82.47,76.33,78.61,9343784,81.50,82.47,76.33,78.61,9343784,NULL),(2207,7,'2025-10-22',72.05,72.70,66.67,71.35,27581535,72.05,72.70,66.67,71.35,27581535,NULL),(2208,7,'2025-10-23',71.88,74.26,70.81,71.72,13561248,71.88,74.26,70.81,71.72,13561248,NULL),(2209,7,'2025-10-24',74.00,74.26,72.32,73.70,9278012,74.00,74.26,72.32,73.70,9278012,NULL),(2210,7,'2025-10-27',76.00,79.85,74.50,79.45,11419352,76.00,79.85,74.50,79.45,11419352,NULL),(2211,7,'2025-10-28',80.59,81.29,76.45,77.77,9350941,80.59,81.29,76.45,77.77,9350941,NULL),(2212,7,'2025-10-29',83.31,84.00,77.01,80.06,14772472,83.31,84.00,77.01,80.06,14772472,NULL),(2213,7,'2025-10-30',78.23,80.48,74.50,76.68,9093239,78.23,80.48,74.50,76.68,9093239,NULL),(2214,7,'2025-10-31',77.85,80.93,77.63,80.25,7889660,77.85,80.93,77.63,80.25,7889660,NULL),(2215,7,'2025-11-03',80.36,80.36,71.00,71.15,11835914,80.36,80.36,71.00,71.15,11835914,NULL),(2216,7,'2025-11-04',67.81,71.95,67.10,70.05,8470706,67.81,71.95,67.10,70.05,8470706,NULL),(2217,7,'2025-11-05',69.77,71.81,68.07,70.38,5699492,69.77,71.81,68.07,70.38,5699492,NULL),(2218,7,'2025-11-06',68.82,70.20,65.04,65.28,7899934,68.82,70.20,65.04,65.28,7899934,NULL),(2219,7,'2025-11-07',64.21,69.99,61.89,69.19,9078566,64.21,69.99,61.89,69.19,9078566,NULL),(2220,7,'2025-11-10',71.31,72.36,67.00,68.70,9248785,71.31,72.36,67.00,68.70,9248785,NULL),(2221,7,'2025-11-11',67.87,71.50,66.86,67.89,12464898,67.87,71.50,66.86,67.89,12464898,NULL),(2222,7,'2025-11-12',68.20,70.68,64.40,64.49,9075090,68.20,70.68,64.40,64.49,9075090,NULL),(2223,7,'2025-11-13',64.05,65.30,59.87,61.44,9721656,64.05,65.30,59.87,61.44,9721656,NULL),(2224,7,'2025-11-14',58.66,64.84,57.92,61.40,10028307,58.66,64.84,57.92,61.40,10028307,NULL),(2225,7,'2025-11-17',60.56,61.98,56.16,56.60,9462473,60.56,61.98,56.16,56.60,9462473,NULL),(2226,7,'2025-11-18',55.91,59.40,54.67,58.22,9242644,55.91,59.40,54.67,58.22,9242644,NULL),(2227,7,'2025-11-19',58.91,61.75,57.48,58.01,11245946,58.91,61.75,57.48,58.01,11245946,NULL),(2228,7,'2025-11-20',61.38,61.60,50.30,50.70,13503898,61.38,61.60,50.30,50.70,13503898,NULL),(2229,7,'2025-11-21',53.01,53.71,49.31,51.37,13380405,53.01,53.71,49.31,51.37,13380405,NULL),(2230,7,'2025-11-24',53.00,55.49,51.50,55.00,10180065,53.00,55.49,51.50,55.00,10180065,NULL),(2231,7,'2025-11-25',55.24,56.00,52.32,55.51,10159481,55.24,56.00,52.32,55.51,10159481,NULL),(2232,7,'2025-11-26',56.41,57.48,55.51,55.52,5989775,56.41,57.48,55.51,55.52,5989775,NULL),(2233,7,'2025-11-28',56.67,57.81,55.80,56.20,4225695,56.67,57.81,55.80,56.20,4225695,NULL),(2234,7,'2025-12-01',54.35,54.39,52.20,52.61,6791027,54.35,54.39,52.20,52.61,6791027,NULL),(2235,7,'2025-12-02',53.22,57.86,53.08,56.89,8894222,53.22,57.86,53.08,56.89,8894222,NULL),(2236,7,'2025-12-03',57.58,61.88,56.15,61.44,12026552,57.58,61.88,56.15,61.44,12026552,NULL),(2237,7,'2025-12-04',62.22,73.85,61.55,72.65,24714900,62.22,73.85,61.55,72.65,24714900,NULL),(2238,7,'2025-12-05',71.40,75.14,70.60,73.92,13620153,71.40,75.14,70.60,73.92,13620153,NULL),(2239,7,'2025-12-08',74.99,76.79,70.75,74.00,11396002,74.99,76.79,70.75,74.00,11396002,NULL),(2240,7,'2025-12-09',73.28,74.75,69.82,72.84,10970087,73.28,74.75,69.82,72.84,10970087,NULL),(2241,7,'2025-12-10',72.75,80.29,70.90,79.05,14564267,72.75,80.29,70.90,79.05,14564267,NULL),(2242,7,'2025-12-11',78.33,85.45,76.74,84.75,14746401,78.33,85.45,76.74,84.75,14746401,NULL),(2243,7,'2025-12-12',83.02,84.61,74.51,76.70,19675443,83.02,84.61,74.51,76.70,19675443,NULL),(2244,7,'2025-12-15',77.24,77.69,67.53,67.81,16392582,77.24,77.69,67.53,67.81,16392582,NULL),(2245,7,'2025-12-16',65.61,68.88,65.25,68.37,10994161,65.61,68.88,65.25,68.37,10994161,NULL),(2246,7,'2025-12-17',70.02,70.39,61.40,61.86,12569058,70.02,70.39,61.40,61.86,12569058,NULL),(2247,7,'2025-12-18',65.20,67.68,64.01,65.93,12951447,65.20,67.68,64.01,65.93,12951447,NULL),(2248,7,'2025-12-19',67.73,76.44,67.32,75.84,20293432,67.73,76.44,67.32,75.84,20293432,NULL),(2249,7,'2025-12-22',79.66,87.03,77.92,86.48,18741390,79.66,87.03,77.92,86.48,18741390,NULL),(2250,7,'2025-12-23',82.23,87.75,81.98,85.67,18077385,82.23,87.75,81.98,85.67,18077385,NULL),(2251,7,'2025-12-24',89.95,92.95,77.65,78.05,26238161,89.95,92.95,77.65,78.05,26238161,NULL),(2252,7,'2025-12-26',77.00,77.40,71.03,71.95,19573173,77.00,77.40,71.03,71.95,19573173,NULL),(2253,7,'2025-12-29',70.64,74.89,69.69,71.47,14202035,70.64,74.89,69.69,71.47,14202035,NULL),(2254,7,'2025-12-30',72.36,78.35,72.04,74.68,17385295,72.36,78.35,72.04,74.68,17385295,NULL),(2255,7,'2025-12-31',75.01,75.50,71.61,72.63,10438024,75.01,75.50,71.61,72.63,10438024,NULL),(2256,7,'2026-01-02',74.34,83.76,69.25,83.47,19106738,74.34,83.76,69.25,83.47,19106738,NULL),(2257,7,'2026-01-05',82.03,92.45,80.88,90.92,20610014,82.03,92.45,80.88,90.92,20610014,NULL),(2258,7,'2026-01-06',90.90,97.94,90.19,97.49,18215472,90.90,97.94,90.19,97.49,18215472,NULL),(2259,7,'2026-01-07',91.05,95.34,83.91,85.73,24433802,91.05,95.34,83.91,85.73,24433802,NULL),(2260,7,'2026-01-08',88.63,93.99,86.85,90.56,14773593,88.63,93.99,86.85,90.56,14773593,NULL),(2261,7,'2026-01-09',90.30,101.68,90.15,97.67,24430345,90.30,101.68,90.15,97.67,24430345,NULL),(2262,7,'2026-01-12',95.44,101.29,93.51,98.39,13268949,95.44,101.29,93.51,98.39,13268949,NULL),(2263,7,'2026-01-13',96.74,98.28,91.63,92.72,11662554,96.74,98.28,91.63,92.72,11662554,NULL),(2264,7,'2026-01-14',91.34,95.45,88.75,95.22,11702605,91.34,95.45,88.75,95.22,11702605,NULL),(2265,7,'2026-01-15',94.61,104.80,92.05,101.25,17604547,94.61,104.80,92.05,101.25,17604547,NULL),(2266,7,'2026-01-16',107.26,120.80,106.30,115.77,33680239,107.26,120.80,106.30,115.77,33680239,NULL),(3267,4,'2026-01-20',120.89,121.62,117.61,118.71,45070139,120.89,121.62,117.61,118.71,45070139,NULL),(3518,5,'2026-01-20',229.15,246.21,227.37,241.21,2735551,229.15,246.21,227.37,241.21,2735551,NULL),(3769,6,'2026-01-20',14.42,14.95,14.35,14.93,36496691,14.42,14.95,14.35,14.93,36496691,NULL),(4020,7,'2026-01-20',113.10,119.89,111.03,112.44,17218520,113.10,119.89,111.03,112.44,17218520,NULL);
/*!40000 ALTER TABLE `stocksdailyprice` ENABLE KEYS */;
UNLOCK TABLES;

--
-- Table structure for table `user_stock_news`
--

DROP TABLE IF EXISTS `user_stock_news`;
/*!40101 SET @saved_cs_client     = @@character_set_client */;
/*!50503 SET character_set_client = utf8mb4 */;
CREATE TABLE `user_stock_news` (
  `user_id` int NOT NULL,
  `stock_id` int NOT NULL,
  `news_id` int NOT NULL,
  PRIMARY KEY (`user_id`,`stock_id`,`news_id`),
  KEY `news_id` (`news_id`),
  CONSTRAINT `user_stock_news_ibfk_1` FOREIGN KEY (`user_id`, `stock_id`) REFERENCES `user_stocks` (`user_id`, `stock_id`) ON DELETE CASCADE ON UPDATE CASCADE,
  CONSTRAINT `user_stock_news_ibfk_2` FOREIGN KEY (`news_id`) REFERENCES `news` (`id`) ON DELETE CASCADE ON UPDATE CASCADE
) ENGINE=InnoDB DEFAULT CHARSET=utf8mb3;
/*!40101 SET character_set_client = @saved_cs_client */;

--
-- Dumping data for table `user_stock_news`
--

LOCK TABLES `user_stock_news` WRITE;
/*!40000 ALTER TABLE `user_stock_news` DISABLE KEYS */;
INSERT INTO `user_stock_news` VALUES (1,4,13),(1,4,14),(1,4,15),(1,4,16),(1,4,17),(1,4,18),(1,5,19),(1,5,20),(1,5,21),(1,5,22),(1,5,23),(1,5,24),(1,6,25),(1,6,26),(1,6,27),(1,6,28),(1,6,29),(1,6,30);
/*!40000 ALTER TABLE `user_stock_news` ENABLE KEYS */;
UNLOCK TABLES;

--
-- Table structure for table `user_stocks`
--

DROP TABLE IF EXISTS `user_stocks`;
/*!40101 SET @saved_cs_client     = @@character_set_client */;
/*!50503 SET character_set_client = utf8mb4 */;
CREATE TABLE `user_stocks` (
  `user_id` int NOT NULL,
  `stock_id` int NOT NULL,
  `shares` decimal(10,4) NOT NULL DEFAULT '0.0000',
  `purchase_price` decimal(10,2) NOT NULL DEFAULT '0.00',
  `is_purchased` tinyint(1) NOT NULL DEFAULT '1',
  PRIMARY KEY (`user_id`,`stock_id`),
  KEY `stock_id` (`stock_id`),
  CONSTRAINT `user_stocks_ibfk_1` FOREIGN KEY (`user_id`) REFERENCES `users` (`id`) ON DELETE CASCADE ON UPDATE CASCADE,
  CONSTRAINT `user_stocks_ibfk_2` FOREIGN KEY (`stock_id`) REFERENCES `stocks` (`id`) ON DELETE CASCADE ON UPDATE CASCADE
) ENGINE=InnoDB DEFAULT CHARSET=utf8mb3;
/*!40101 SET character_set_client = @saved_cs_client */;

--
-- Dumping data for table `user_stocks`
--

LOCK TABLES `user_stocks` WRITE;
/*!40000 ALTER TABLE `user_stocks` DISABLE KEYS */;
INSERT INTO `user_stocks` VALUES (1,4,4098.3820,119.70,1),(1,5,7.0000,243.42,1),(1,6,49.4000,14.61,1);
/*!40000 ALTER TABLE `user_stocks` ENABLE KEYS */;
UNLOCK TABLES;

--
-- Table structure for table `users`
--

DROP TABLE IF EXISTS `users`;
/*!40101 SET @saved_cs_client     = @@character_set_client */;
/*!50503 SET character_set_client = utf8mb4 */;
CREATE TABLE `users` (
  `id` int NOT NULL AUTO_INCREMENT,
  `username` varchar(255) NOT NULL,
  `password` varchar(255) NOT NULL,
  `created_at` timestamp NULL DEFAULT CURRENT_TIMESTAMP,
  PRIMARY KEY (`id`),
  UNIQUE KEY `username` (`username`)
) ENGINE=InnoDB AUTO_INCREMENT=2 DEFAULT CHARSET=utf8mb3;
/*!40101 SET character_set_client = @saved_cs_client */;

--
-- Dumping data for table `users`
--

LOCK TABLES `users` WRITE;
/*!40000 ALTER TABLE `users` DISABLE KEYS */;
INSERT INTO `users` VALUES (1,'testuser','password123','2026-01-17 20:12:31');
/*!40000 ALTER TABLE `users` ENABLE KEYS */;
UNLOCK TABLES;
/*!40103 SET TIME_ZONE=@OLD_TIME_ZONE */;

/*!40101 SET SQL_MODE=@OLD_SQL_MODE */;
/*!40014 SET FOREIGN_KEY_CHECKS=@OLD_FOREIGN_KEY_CHECKS */;
/*!40014 SET UNIQUE_CHECKS=@OLD_UNIQUE_CHECKS */;
/*!40101 SET CHARACTER_SET_CLIENT=@OLD_CHARACTER_SET_CLIENT */;
/*!40101 SET CHARACTER_SET_RESULTS=@OLD_CHARACTER_SET_RESULTS */;
/*!40101 SET COLLATION_CONNECTION=@OLD_COLLATION_CONNECTION */;
/*!40111 SET SQL_NOTES=@OLD_SQL_NOTES */;

-- Dump completed on 2026-01-20 17:28:42
